ID,URL,GENDER,CONFIDENCE,REAL,SAME,CHECK
1,http://pbs.twimg.com/profile_images/101234475/IMG_4948.JPG,male,22,male,TRUE,1
2,http://pbs.twimg.com/profile_images/1044286909/2073.jpg,male,32,male,TRUE,1
3,http://pbs.twimg.com/profile_images/1110856156/Australian_IT_Press_Photo.gif,DOWNLOAD_ERROR - image is not of supported format (30),,male,FALSE,0
4,http://pbs.twimg.com/profile_images/1115073355/DAVIN-PICTURE.jpg,male,32,male,TRUE,1
5,http://pbs.twimg.com/profile_images/1116799022/IMG_5808.jpg,male,68,male,TRUE,1
6,http://pbs.twimg.com/profile_images/1119760396/image.jpg,male,21,male,TRUE,1
7,http://pbs.twimg.com/profile_images/1120210348/Twitter_Suren_Cupcake.jpg,NoFace,,male,FALSE,0
8,http://pbs.twimg.com/profile_images/1120841468/richo.jpg,NoFace,,male,FALSE,0
9,http://pbs.twimg.com/profile_images/1121509803/image.jpg,male,14,male,TRUE,1
10,http://pbs.twimg.com/profile_images/1145762978/Set2610.jpg,NoFace,,male,FALSE,0
11,http://pbs.twimg.com/profile_images/1156404985/image.jpg,male,51,male,TRUE,1
12,http://pbs.twimg.com/profile_images/1175588178/70612_713520225_6476518_n.jpg,male,48,male,TRUE,1
13,http://pbs.twimg.com/profile_images/1182636271/Adam_Littlechild_-_Profile_Photo_01.jpg,male,87,male,TRUE,1
14,http://pbs.twimg.com/profile_images/1184543288/CG.JPG,male,12,male,TRUE,1
15,http://pbs.twimg.com/profile_images/1195465186/Grant_Treeby_01web.jpg,male,54,male,TRUE,1
16,http://pbs.twimg.com/profile_images/1195556643/STAPHeroShotLR.jpg,male,12,male,TRUE,1
17,http://pbs.twimg.com/profile_images/1232565111/image.jpg,male,30,male,TRUE,1
18,http://pbs.twimg.com/profile_images/1257498861/189831_10150432326140537_622525536_17339896_7513935_n.jpg,male,8,male,TRUE,1
19,http://pbs.twimg.com/profile_images/1267422505/image.jpg,male,24,male,TRUE,1
20,http://pbs.twimg.com/profile_images/1275260679/bt3.jpg,male,65,male,TRUE,1
21,http://pbs.twimg.com/profile_images/1282343847/profile.PNG,male,100,male,TRUE,1
22,http://pbs.twimg.com/profile_images/1310669084/Image052.jpg,male,9,male,TRUE,1
23,http://pbs.twimg.com/profile_images/1326129821/168626_10150137276122806_709612805_8011495_3034249_n.jpg,NoFace,,male,FALSE,0
24,http://pbs.twimg.com/profile_images/1334119481/IMGP1547_1.jpg,male,41,male,TRUE,1
25,http://pbs.twimg.com/profile_images/1335250939/Head_shot_3.jpg,female,1,male,FALSE,0
26,http://pbs.twimg.com/profile_images/1341020805/07-Merlino_J-h_s060810.jpg,male,38,male,TRUE,1
27,http://pbs.twimg.com/profile_images/1345326036/Andrew_s_40th_015.jpg,male,85,male,TRUE,1
28,http://pbs.twimg.com/profile_images/1355605210/headshot2.JPG,male,25,male,TRUE,1
29,http://pbs.twimg.com/profile_images/1355659658/AF.JPG,female,31,male,FALSE,0
30,http://pbs.twimg.com/profile_images/1361467097/The_Goons_Spike_Milligan_128x128.png,male,37,male,TRUE,1
31,http://pbs.twimg.com/profile_images/1365207364/photo.JPG,male,81,male,TRUE,1
32,http://pbs.twimg.com/profile_images/1366697613/Screen_shot_2011-05-24_at_1.45.50_PM.png,male,68,male,TRUE,1
33,http://pbs.twimg.com/profile_images/1373371504/222817_10150238777360135_683810134_8476274_1566608_n.jpg,male,26,male,TRUE,1
34,http://pbs.twimg.com/profile_images/1375406292/photo_scott.jpg,male,13,male,TRUE,1
35,http://pbs.twimg.com/profile_images/1387013640/Profile_Picture.jpg,female,59,male,FALSE,0
36,http://pbs.twimg.com/profile_images/1394011681/image.jpg,male,100,male,TRUE,1
37,http://pbs.twimg.com/profile_images/1398576386/image.jpg,male,1,male,TRUE,1
38,http://pbs.twimg.com/profile_images/1402733238/stevesmaller.jpg,male,24,male,TRUE,1
39,http://pbs.twimg.com/profile_images/1420261794/ant.jpeg,male,59,male,TRUE,1
40,http://pbs.twimg.com/profile_images/1422966162/image.jpg,male,19,male,TRUE,1
41,http://pbs.twimg.com/profile_images/1441474902/parker.jpg,male,48,male,TRUE,1
42,http://pbs.twimg.com/profile_images/1443080124/mmc_headshot.small.jpg,male,50,male,TRUE,1
43,http://pbs.twimg.com/profile_images/145556606/1.jpg,male,30,male,TRUE,1
44,http://pbs.twimg.com/profile_images/1463252165/_M1G_5370.jpg,male,27,male,TRUE,1
45,http://pbs.twimg.com/profile_images/1465456885/my_photo.JPG,male,45,male,TRUE,1
46,http://pbs.twimg.com/profile_images/1468558890/IMG_0039.jpg,NoFace,,male,FALSE,0
47,http://pbs.twimg.com/profile_images/1472082085/Copy_troy__of_07troy047.jpg,male,65,male,TRUE,1
48,http://pbs.twimg.com/profile_images/1482663159/IMG_0127.JPG,male,23,male,TRUE,1
49,http://pbs.twimg.com/profile_images/1484088104/David_Knowles.jpg,male,30,male,TRUE,1
50,http://pbs.twimg.com/profile_images/1487689462/Video_call_snapshot_148.png,male,49,male,TRUE,1
51,http://pbs.twimg.com/profile_images/1489293483/Robert_Moore_Agility_Australia_7.jpg,male,58,male,TRUE,1
52,http://pbs.twimg.com/profile_images/1545207339/ndy_-3445_copy_1_cropped.jpg,male,3,male,TRUE,1
53,http://pbs.twimg.com/profile_images/1572665679/image.jpg,male,45,male,TRUE,1
54,http://pbs.twimg.com/profile_images/1580974196/fa9104d6-19dc-493e-a75e-5418c76c94d2.png,male,68,male,TRUE,1
55,http://pbs.twimg.com/profile_images/1582985460/square500mlk.jpg,male,57,male,TRUE,1
56,http://pbs.twimg.com/profile_images/1583143830/P1010966-resize.jpg,male,61,male,TRUE,1
57,http://pbs.twimg.com/profile_images/1586174049/73778_467093993152_502438152_5612799_7683402_n.jpg,male,14,male,TRUE,1
58,http://pbs.twimg.com/profile_images/1589177779/Steve_Finn_Headshot_HR.JPG,male,44,male,TRUE,1
59,http://pbs.twimg.com/profile_images/1590739667/image.jpg,male,40,male,TRUE,1
60,http://pbs.twimg.com/profile_images/1590941414/gmm.gif,DOWNLOAD_ERROR - image is not of supported format (30),,male,FALSE,0
61,http://pbs.twimg.com/profile_images/1594086272/image.jpg,male,71,male,TRUE,1
62,http://pbs.twimg.com/profile_images/1595190421/Profile_Pic.jpg,male,3,male,TRUE,1
63,http://pbs.twimg.com/profile_images/1604155702/profilepic.jpg,male,34,male,TRUE,1
64,http://pbs.twimg.com/profile_images/1608632586/cords.jpg,male,84,male,TRUE,1
65,http://pbs.twimg.com/profile_images/1611404078/image.jpg,NoFace,,male,FALSE,0
66,http://pbs.twimg.com/profile_images/1621806760/PhotoChooser-5a717f47-7af2-4f4f-bdfd-2ab667fbc879.jpg,female,44,male,FALSE,0
67,http://pbs.twimg.com/profile_images/1621924271/Gavin_K.jpg,male,79,male,TRUE,1
68,http://pbs.twimg.com/profile_images/1626063362/BSSquareNew.jpg,male,53,male,TRUE,1
69,http://pbs.twimg.com/profile_images/1628059536/21fa899.jpg,male,2,male,TRUE,1
70,http://pbs.twimg.com/profile_images/1628333577/Richard_Earle.jpg,male,52,male,TRUE,1
71,http://pbs.twimg.com/profile_images/1629840384/Matt_Kropman__4_compressed_.jpg,male,41,male,TRUE,1
72,http://pbs.twimg.com/profile_images/1638138153/264756_10150226190516611_668121610_7701563_6079736_n.jpg,male,52,male,TRUE,1
73,http://pbs.twimg.com/profile_images/1651836683/4753163411_255e0cf05f.jpg,male,56,male,TRUE,1
74,http://pbs.twimg.com/profile_images/1665323804/IMG_1095_2.JPG,female,14,male,FALSE,0
75,http://pbs.twimg.com/profile_images/1674962853/photo.jpg,male,100,male,TRUE,1
76,http://pbs.twimg.com/profile_images/1684594202/46686_428688991878_669291878_5491578_5184477_n.jpg,NoFace,,male,FALSE,0
77,http://pbs.twimg.com/profile_images/1689810523/Tom.jpg,male,8,male,TRUE,1
78,http://pbs.twimg.com/profile_images/1732485944/image.jpg,male,86,male,TRUE,1
79,http://pbs.twimg.com/profile_images/1740519670/twitter.jpg,male,45,male,TRUE,1
80,http://pbs.twimg.com/profile_images/1743202014/image.jpg,NoFace,,male,FALSE,0
81,http://pbs.twimg.com/profile_images/1745486648/image.jpg,male,82,male,TRUE,1
82,http://pbs.twimg.com/profile_images/1763622761/Me_new.jpeg,male,19,male,TRUE,1
83,http://pbs.twimg.com/profile_images/1775481252/Paul_low.jpg,male,11,male,TRUE,1
84,http://pbs.twimg.com/profile_images/1781174206/image.jpg,male,15,male,TRUE,1
85,http://pbs.twimg.com/profile_images/1793977868/image.jpg,NoFace,,male,FALSE,0
86,http://pbs.twimg.com/profile_images/1816539736/2011-11-29_09_50_06.JPG,male,73,male,TRUE,1
87,http://pbs.twimg.com/profile_images/1816946531/image.jpg,female,1,male,FALSE,0
88,http://pbs.twimg.com/profile_images/1820764118/image.jpg,male,35,male,TRUE,1
89,http://pbs.twimg.com/profile_images/1825227508/image.jpg,male,59,male,TRUE,1
90,http://pbs.twimg.com/profile_images/183163917/ben_and_celine.jpg,male,46,male,TRUE,1
91,http://pbs.twimg.com/profile_images/1845113241/Andytwitter.jpg,male,44,male,TRUE,1
92,http://pbs.twimg.com/profile_images/1846770828/NedNikolic.png,male,100,male,TRUE,1
93,http://pbs.twimg.com/profile_images/1851284223/image.jpg,male,45,male,TRUE,1
94,http://pbs.twimg.com/profile_images/1861043772/skype_photo.jpg,male,5,male,TRUE,1
95,http://pbs.twimg.com/profile_images/1861640314/MK_Pic_1.JPG,male,100,male,TRUE,1
96,http://pbs.twimg.com/profile_images/1886810255/Alan.jpg,male,50,male,TRUE,1
97,http://pbs.twimg.com/profile_images/1887263129/image.jpg,male,11,male,TRUE,1
98,http://pbs.twimg.com/profile_images/1892865462/Photo_on_2010-12-23_at_09.32__3.jpg,male,25,male,TRUE,1
99,http://pbs.twimg.com/profile_images/1905619625/image.jpg,male,8,male,TRUE,1
100,http://pbs.twimg.com/profile_images/1906043966/BA_Profile_Picture.PNG,male,15,male,TRUE,1
101,http://pbs.twimg.com/profile_images/1907533747/image.jpg,female,19,male,FALSE,0
102,http://pbs.twimg.com/profile_images/1912213104/4f70b079-61e1-40dd-8e6f-c14aa7082480.png,male,53,male,TRUE,1
103,http://pbs.twimg.com/profile_images/1920979266/avatar.jpg,male,100,male,TRUE,1
104,http://pbs.twimg.com/profile_images/1936487421/100_0701.JPG,male,66,male,TRUE,1
105,http://pbs.twimg.com/profile_images/1984122735/424344_10150637306119330_535414329_9071612_1089807427_n.jpg,NoFace,,male,FALSE,0
106,http://pbs.twimg.com/profile_images/2047403187/Bill3.JPG,male,65,male,TRUE,1
107,http://pbs.twimg.com/profile_images/2054400843/image.jpg,male,71,male,TRUE,1
108,http://pbs.twimg.com/profile_images/2092133589/image.jpg,male,3,male,TRUE,1
109,http://pbs.twimg.com/profile_images/209296942/NALLY_11_cropped.JPG,male,53,male,TRUE,1
110,http://pbs.twimg.com/profile_images/2116796001/IMG_0095.JPG,NoFace,,male,FALSE,0
111,http://pbs.twimg.com/profile_images/2122619049/image.jpg,female,16,male,FALSE,0
112,http://pbs.twimg.com/profile_images/212828314/caltabiano_pr_square.JPG,male,52,male,TRUE,1
113,http://pbs.twimg.com/profile_images/2148850186/image.jpg,male,53,male,TRUE,1
114,http://pbs.twimg.com/profile_images/2158862755/image.jpg,male,41,male,TRUE,1
115,http://pbs.twimg.com/profile_images/2166442220/jc_portrait_LR_IMG_2353.jpg,male,84,male,TRUE,1
116,http://pbs.twimg.com/profile_images/2174844989/image.jpg,male,33,male,TRUE,1
117,http://pbs.twimg.com/profile_images/2175458642/image.jpg,male,7,male,TRUE,1
118,http://pbs.twimg.com/profile_images/2180832282/goodpicsmall.jpg,male,49,male,TRUE,1
119,http://pbs.twimg.com/profile_images/2184089440/image.jpg,female,11,male,FALSE,0
120,http://pbs.twimg.com/profile_images/2191762997/image.jpg,male,18,male,TRUE,1
121,http://pbs.twimg.com/profile_images/2200855953/profile_pic.jpg,male,53,male,TRUE,1
122,http://pbs.twimg.com/profile_images/2222024540/avatar001a.jpg,male,37,male,TRUE,1
123,http://pbs.twimg.com/profile_images/2234549161/image.jpg,NoFace,,male,FALSE,0
124,http://pbs.twimg.com/profile_images/2235133141/image.jpg,male,0,male,TRUE,1
125,http://pbs.twimg.com/profile_images/2240277753/Keith_Hillier_in_Dubai.jpg,male,17,male,TRUE,1
126,http://pbs.twimg.com/profile_images/2242295523/John_Hollingsworth_Standard_Media_Photo.jpg,male,83,male,TRUE,1
127,http://pbs.twimg.com/profile_images/2249848580/image.jpg,NoFace,,male,FALSE,0
128,http://pbs.twimg.com/profile_images/2276776583/me.JPG,DOWNLOAD_ERROR_FILE_NOT_FOUND (31),,male,FALSE,0
129,http://pbs.twimg.com/profile_images/2279960618/ejk4rbpxgzn6nr5e0e0c.jpeg,male,44,male,TRUE,1
130,http://pbs.twimg.com/profile_images/2282126896/405bufxu4dy9yriboy91.jpeg,male,24,male,TRUE,1
131,http://pbs.twimg.com/profile_images/2282722178/n3t6yl6vnk5lgkwa7oey.jpeg,NoFace,,male,FALSE,0
132,http://pbs.twimg.com/profile_images/2283116450/image.jpg,male,24,male,TRUE,1
133,http://pbs.twimg.com/profile_images/2303287211/weyo3hf6en70wczm8q0g.jpeg,male,3,male,TRUE,1
134,http://pbs.twimg.com/profile_images/2306567202/e8h9whjywkhn5egqc6qh.jpeg,male,56,male,TRUE,1
135,http://pbs.twimg.com/profile_images/2321333215/faq627e9m71x360r8q2c.png,male,65,male,TRUE,1
136,http://pbs.twimg.com/profile_images/2325092726/stephenabaker.jpg,male,97,male,TRUE,1
137,http://pbs.twimg.com/profile_images/2328213866/image.jpg,male,46,male,TRUE,1
138,http://pbs.twimg.com/profile_images/2329491403/image.jpg,female,1,male,FALSE,0
139,http://pbs.twimg.com/profile_images/2330091717/zchzkbei2e9oijwshupg.jpeg,female,0,male,FALSE,0
140,http://pbs.twimg.com/profile_images/2337953052/iinojqyol2npgmcs6rud.jpeg,male,41,male,TRUE,1
141,http://pbs.twimg.com/profile_images/2362835184/image.jpg,NoFace,,male,FALSE,0
142,http://pbs.twimg.com/profile_images/2380589710/Brad_Aisbett.jpg,male,75,male,TRUE,1
143,http://pbs.twimg.com/profile_images/2392756554/7nyo06oefxl5mgrpxolh.jpeg,male,31,male,TRUE,1
144,http://pbs.twimg.com/profile_images/2413953777/0qzv2tgj9uu8wtkxmbl4.jpeg,male,13,male,TRUE,1
145,http://pbs.twimg.com/profile_images/2437478276/image.jpg,NoFace,,male,FALSE,0
146,http://pbs.twimg.com/profile_images/2440950917/image.jpg,male,42,male,TRUE,1
147,http://pbs.twimg.com/profile_images/2443083485/ek95vywz3mobl7obkorn.jpeg,female,8,male,FALSE,0
148,http://pbs.twimg.com/profile_images/2443750333/image.jpg,male,70,male,TRUE,1
149,http://pbs.twimg.com/profile_images/2454428945/IMG_0316_1_.JPG,male,19,male,TRUE,1
150,http://pbs.twimg.com/profile_images/2488489025/2adx278o3ok423hsle54.jpeg,male,77,male,TRUE,1
151,http://pbs.twimg.com/profile_images/2491369991/qrd2k1h4fysanxpymled.jpeg,female,31,male,FALSE,0
152,http://pbs.twimg.com/profile_images/2506773977/image.jpg,male,53,male,TRUE,1
153,http://pbs.twimg.com/profile_images/2510535717/image.jpg,male,77,male,TRUE,1
154,http://pbs.twimg.com/profile_images/252710526/Profile_Photo.jpg,male,20,male,TRUE,1
155,http://pbs.twimg.com/profile_images/2551750829/temp1346145545strip20120828-7295-jk32dv,female,37,male,FALSE,0
156,http://pbs.twimg.com/profile_images/2554240265/qtmtho5rv0aohaf4ve8o.jpeg,male,28,male,TRUE,1
157,http://pbs.twimg.com/profile_images/2585736605/IMG-20120310-00021.jpg,female,12,male,FALSE,0
158,http://pbs.twimg.com/profile_images/2592008999/btifq8rei0mmjb8v38zx.jpeg,NoFace,,male,FALSE,0
159,http://pbs.twimg.com/profile_images/2592232671/cvnuvhuo5vydjg0b14s9.jpeg,female,5,male,FALSE,0
160,http://pbs.twimg.com/profile_images/2619392070/xbrdqy81wdn34zhe0292.jpeg,male,30,male,TRUE,1
161,http://pbs.twimg.com/profile_images/2625840430/albjq943vdy3gunq7slw.jpeg,male,100,male,TRUE,1
162,http://pbs.twimg.com/profile_images/2628547428/7aacbc85ecc1a67ceb25b707d09d1c36.jpeg,male,28,male,TRUE,1
163,http://pbs.twimg.com/profile_images/2644025251/35617901745cdd3bb89b82c02c57af7f.jpeg,male,42,male,TRUE,1
164,http://pbs.twimg.com/profile_images/2647032783/888af8a9e0b8fdffb0da87560631d4ab.jpeg,female,18,male,FALSE,0
165,http://pbs.twimg.com/profile_images/2658108252/d32e9d10c9f8340fc997e3285cf928b6.jpeg,male,5,male,TRUE,1
166,http://pbs.twimg.com/profile_images/2663955273/e691f51523fa4c842757ff8e3db37ea6.png,NoFace,,male,FALSE,0
167,http://pbs.twimg.com/profile_images/2671292753/cf1cf3bc51ed1330c4f2f7d2aca7bbda.png,male,29,male,TRUE,1
168,http://pbs.twimg.com/profile_images/2708761852/17167c301592f7c443d70cbf2faff380.jpeg,female,13,male,FALSE,0
169,http://pbs.twimg.com/profile_images/2727440518/bd13f7e6d3cbdc091af35c6064993ea6.jpeg,male,35,male,TRUE,1
170,http://pbs.twimg.com/profile_images/2744389212/2c9f21620b18e7f674fbf52f05ed5783.jpeg,NoFace,,male,FALSE,0
171,http://pbs.twimg.com/profile_images/2779006851/43bc858ae076bd234e5c4122f0e9c933.jpeg,NoFace,,male,FALSE,0
172,http://pbs.twimg.com/profile_images/2813137966/ae65fb7ff4468f00866e89f2cd9545a0.jpeg,male,76,male,TRUE,1
173,http://pbs.twimg.com/profile_images/2822116224/c359b2d68393ebd09b4c1f92f620646c.png,female,6,male,FALSE,0
174,http://pbs.twimg.com/profile_images/2830398491/70f6875771309683a0826c3e16f7eaf1.jpeg,female,23,male,FALSE,0
175,http://pbs.twimg.com/profile_images/2842446452/f60cebb5bc96a608614364645869aa50.jpeg,male,28,male,TRUE,1
176,http://pbs.twimg.com/profile_images/2842724784/e621213894879753a78a34fab7707d63.jpeg,male,49,male,TRUE,1
177,http://pbs.twimg.com/profile_images/2842774206/199e6d3c5373a1e1d37158416e5c12f9.jpeg,NoFace,,male,FALSE,0
178,http://pbs.twimg.com/profile_images/2854285680/a9f8fb269dedfb368a5bd20fed003445.jpeg,male,16,male,TRUE,1
179,http://pbs.twimg.com/profile_images/2857838359/4c206b0881be3c1e444afc88265ad047.jpeg,male,51,male,TRUE,1
180,http://pbs.twimg.com/profile_images/2857854810/2d4c05e7f226506c2c3cd876f7334ce1.jpeg,male,52,male,TRUE,1
181,http://pbs.twimg.com/profile_images/2863712012/4e0c3cb16c799f7d1647c9d6303447c2.jpeg,male,34,male,TRUE,1
182,http://pbs.twimg.com/profile_images/2900236043/89ca7dacd1e15ccd834d0c1333bdae7d.png,male,26,male,TRUE,1
183,http://pbs.twimg.com/profile_images/2914088624/7cbea4fb89a7733030ed98f7f97a1aeb.jpeg,male,97,male,TRUE,1
184,http://pbs.twimg.com/profile_images/2927831642/1ae4d8974b014a43f726ee719f1815f8.jpeg,male,83,male,TRUE,1
185,http://pbs.twimg.com/profile_images/293640062/SPA53245.JPG,male,54,male,TRUE,1
186,http://pbs.twimg.com/profile_images/2955497671/14b69c9465515d0a8fd500659b7980b9.jpeg,male,11,male,TRUE,1
187,http://pbs.twimg.com/profile_images/2967640852/0a8403e38bca6afdd58569d4c99204bb.jpeg,female,9,male,FALSE,0
188,http://pbs.twimg.com/profile_images/2985290794/dedd161f4e366e380fc5263dc4f7b9ed.jpeg,male,12,male,TRUE,1
189,http://pbs.twimg.com/profile_images/2985383398/b9126a391a5c18eee6d19f4e9b445d11.jpeg,male,8,male,TRUE,1
190,http://pbs.twimg.com/profile_images/2986197196/5e442b03fae00c53d585fc2862af6085.jpeg,male,25,male,TRUE,1
191,http://pbs.twimg.com/profile_images/2994988079/41203819f0c23492137668bdf7f3cd98.jpeg,female,11,male,FALSE,0
192,http://pbs.twimg.com/profile_images/3004459178/a1b246d8f80c1b71229bbd0fef9e606f.jpeg,male,80,male,TRUE,1
193,http://pbs.twimg.com/profile_images/3004863294/0020e9a4f91d34e65b36a45ddb0cf38d.jpeg,male,42,male,TRUE,1
194,http://pbs.twimg.com/profile_images/3028252281/adf4cabb70c64c68e4a925f50cde8c93.jpeg,male,7,male,TRUE,1
195,http://pbs.twimg.com/profile_images/304337582/IMG_0693.jpg,male,40,male,TRUE,1
196,http://pbs.twimg.com/profile_images/304557164/james_mansfield_avatar.png,male,31,male,TRUE,1
197,http://pbs.twimg.com/profile_images/3052752987/0b24c80c666a64e33b82274feec27f60.jpeg,DOWNLOAD_ERROR_FILE_NOT_FOUND (31),,male,FALSE,0
198,http://pbs.twimg.com/profile_images/3103028383/52114c64687e619a4f69e166d9327b8a.jpeg,male,36,male,TRUE,1
199,http://pbs.twimg.com/profile_images/3126492295/214979091579ee846e54f4519ca27f04.jpeg,female,4,male,FALSE,0
200,http://pbs.twimg.com/profile_images/3150811812/4bc58c690c27a8d301c884fd329cf36e.jpeg,male,85,male,TRUE,1
201,http://pbs.twimg.com/profile_images/316446207/small_business_card_SCM_edited-1.png,NoFace,,male,FALSE,0
202,http://pbs.twimg.com/profile_images/3198904772/07d0e4e12c9463dc37d628b67c66d0b1.jpeg,male,43,male,TRUE,1
203,http://pbs.twimg.com/profile_images/3222881081/a5f15b078c7e467b1b0f2fe4bb3561a7.png,female,10,male,FALSE,0
204,http://pbs.twimg.com/profile_images/3228030959/7534e906f0e101169ff278d57d2de186.jpeg,NoFace,,male,FALSE,0
205,http://pbs.twimg.com/profile_images/3238647749/f640323b31492cc1d1903056dc828c89.jpeg,male,25,male,TRUE,1
206,http://pbs.twimg.com/profile_images/3238985350/5904de7e5d5c3471a05ff2d993a93283.jpeg,male,82,male,TRUE,1
207,http://pbs.twimg.com/profile_images/3242899746/eb5daa860c8acdc447d337194d6f1936.jpeg,male,34,male,TRUE,1
208,http://pbs.twimg.com/profile_images/3242985121/a51f0f1a8aacf1dcb3ded83a9169448e.jpeg,male,61,male,TRUE,1
209,http://pbs.twimg.com/profile_images/3250838155/bee554ee35d8dfc5ddbdf3e975f072cd.jpeg,male,39,male,TRUE,1
210,http://pbs.twimg.com/profile_images/3256022833/be67c351377a47333c366ae1b4f7c9d8.jpeg,female,12,male,FALSE,0
211,http://pbs.twimg.com/profile_images/3265630154/40217f80a4864634734e380c295f10f7.jpeg,male,44,male,TRUE,1
212,http://pbs.twimg.com/profile_images/3289727211/dc6fe36ed4d730d5a3a891c28be6bf5f.jpeg,NoFace,,male,FALSE,0
213,http://pbs.twimg.com/profile_images/3289842913/bca413d97406bacb8280c4b919cf7940.jpeg,NoFace,,male,FALSE,0
214,http://pbs.twimg.com/profile_images/3290168454/83d994befc2551d61e7d7e3f6d8c0157.jpeg,male,21,male,TRUE,1
215,http://pbs.twimg.com/profile_images/3293367563/ea5cee5878418e7f08e8e0de5f903501.jpeg,male,11,male,TRUE,1
216,http://pbs.twimg.com/profile_images/3295844500/16dc895e0c763127edb65f04408477da.jpeg,male,11,male,TRUE,1
217,http://pbs.twimg.com/profile_images/3326402738/23517130617a278aac8e05c05c83d79c.jpeg,NoFace,,male,FALSE,0
218,http://pbs.twimg.com/profile_images/3344042853/28aa41ed0befdf4eb3a17d74cd0d3d0b.jpeg,male,10,male,TRUE,1
219,http://pbs.twimg.com/profile_images/3348192385/d7a95d326cb3d0580099c2fea0c5ef5c.jpeg,male,18,male,TRUE,1
220,http://pbs.twimg.com/profile_images/3361584920/fdc72ef9d17334822d7bc812ce0cc159.jpeg,DOWNLOAD_ERROR_FILE_NOT_FOUND (31),,male,FALSE,0
221,http://pbs.twimg.com/profile_images/3374070977/34389473accd75ab90b4e71f2fe565d7.jpeg,male,46,male,TRUE,1
222,http://pbs.twimg.com/profile_images/3386238392/f46bcb72f28656215b4c50d9572f1e9c.jpeg,female,3,male,FALSE,0
223,http://pbs.twimg.com/profile_images/3390735371/1e3b7b184f9dd250f3ca37096cd602b0.jpeg,male,1,male,TRUE,1
224,http://pbs.twimg.com/profile_images/3391851505/a3bb11b206dc466d88630a1d88a2b7ab.jpeg,male,50,male,TRUE,1
225,http://pbs.twimg.com/profile_images/3395613618/d3bac50ec92c6166cf17bae7a05adfb3.jpeg,male,64,male,TRUE,1
226,http://pbs.twimg.com/profile_images/3407026853/7ebf202dae34779d9ded7212c278ff5a.jpeg,male,31,male,TRUE,1
227,http://pbs.twimg.com/profile_images/3407811434/72511c4ef4acbe73410419d8de334d3c.jpeg,male,6,male,TRUE,1
228,http://pbs.twimg.com/profile_images/3431518816/c24bd19915625db4aa8df3ce45faf13e.jpeg,male,24,male,TRUE,1
229,http://pbs.twimg.com/profile_images/345551383/me3.bmp,male,23,male,TRUE,1
230,http://pbs.twimg.com/profile_images/3470008538/2b37bebb9a8680b453d9e87088628477.png,male,45,male,TRUE,1
231,http://pbs.twimg.com/profile_images/3479789158/c85c8675f14fb34aed12bad001220eaf.jpeg,male,2,male,TRUE,1
232,http://pbs.twimg.com/profile_images/3492205709/3d522e718950a19c67aba038b5017c7b.jpeg,male,77,male,TRUE,1
233,http://pbs.twimg.com/profile_images/3500748127/2fb8169ee5bdeecc3483a8d203678448.jpeg,male,29,male,TRUE,1
234,http://pbs.twimg.com/profile_images/3538537506/81a03d84608f9e0355b7d1d5e18e3f23.jpeg,male,29,male,TRUE,1
235,http://pbs.twimg.com/profile_images/3551764521/c49a9361f21ba0c4442d672581a7b2a1.jpeg,female,6,male,FALSE,0
236,http://pbs.twimg.com/profile_images/3576834512/e584732343becb53ec8a20a6769e1c14.jpeg,male,66,male,TRUE,1
237,http://pbs.twimg.com/profile_images/3578103657/7d044f8549da9a263963ebd42ec9eaf5.jpeg,male,58,male,TRUE,1
238,http://pbs.twimg.com/profile_images/3584418688/29d9a56d2f23000659df58c6728ed3ae.jpeg,male,56,male,TRUE,1
239,http://pbs.twimg.com/profile_images/3589450630/cf96d404be9df34a9a40daaaf2e9b36b.jpeg,NoFace,,male,FALSE,0
240,http://pbs.twimg.com/profile_images/3594875943/308bf6c7097f7b3e510760e342ae8902.jpeg,male,64,male,TRUE,1
241,http://pbs.twimg.com/profile_images/3597631535/959a9d70b7a4d13b6c57b9d3b604d1c9.jpeg,male,17,male,TRUE,1
242,http://pbs.twimg.com/profile_images/3600374355/4e621998e22f13af12351473c8331689.png,female,10,male,FALSE,0
243,http://pbs.twimg.com/profile_images/3616481801/292d85b4dddee142e8e482bb399374db.jpeg,female,12,male,FALSE,0
244,http://pbs.twimg.com/profile_images/3648671565/ad75f2c4e183a0bef523fc14b2f0cae0.jpeg,male,74,male,TRUE,1
245,http://pbs.twimg.com/profile_images/3656430255/40b58146bcc66afed2ff76ec235a99b8.jpeg,male,9,male,TRUE,1
246,http://pbs.twimg.com/profile_images/3661578316/25c4e35b2c5e53fe2822121f1e68e71e.jpeg,NoFace,,male,FALSE,0
247,http://pbs.twimg.com/profile_images/3670805816/13ad89a31c0adb01dcddf79804f281a5.jpeg,female,23,male,FALSE,0
248,http://pbs.twimg.com/profile_images/3689626884/772abc08f5f5fa2cdc25c6cce4422330.jpeg,male,100,male,TRUE,1
249,http://pbs.twimg.com/profile_images/3702811252/bae34e531b903ea679f10b0abf03fbb7.jpeg,female,1,male,FALSE,0
250,http://pbs.twimg.com/profile_images/3705799579/c99f2f81da89c9e2baa27edaf510034d.jpeg,male,30,male,TRUE,1
251,http://pbs.twimg.com/profile_images/3722421468/8af577144906229d74422a2f1409f030.jpeg,male,66,male,TRUE,1
252,http://pbs.twimg.com/profile_images/3750122079/2f3abad2f3e1ad29bee2f61c5de62d23.jpeg,male,32,male,TRUE,1
253,http://pbs.twimg.com/profile_images/375140408/camera_pics_125_1_.jpg,male,100,male,TRUE,1
254,http://pbs.twimg.com/profile_images/375418526/GB_Headshot_523x640.jpg,male,56,male,TRUE,1
255,http://pbs.twimg.com/profile_images/3754193032/03f1c6710bb887ed45996d257a0673e0.jpeg,male,58,male,TRUE,1
256,http://pbs.twimg.com/profile_images/3758773580/00a685807040d7e7abd0291dce3d8a33.jpeg,male,16,male,TRUE,1
257,http://pbs.twimg.com/profile_images/3783795727/87b1c48680a62d74abc4623b87c06d53.jpeg,male,66,male,TRUE,1
258,http://pbs.twimg.com/profile_images/3785531518/8b310b65a7651d1c2015d0cc7c209722.jpeg,male,100,male,TRUE,1
259,http://pbs.twimg.com/profile_images/378800000005606599/6b81f3d70c4c4860d66dd14aa294a3be.jpeg,male,9,male,TRUE,1
260,http://pbs.twimg.com/profile_images/378800000017891280/1959c65e207003272448dbb65ae18a33.jpeg,male,46,male,TRUE,1
261,http://pbs.twimg.com/profile_images/378800000038600051/ac0ae5f78fea3a2e225ad2ba7ec28664.png,male,30,male,TRUE,1
262,http://pbs.twimg.com/profile_images/378800000038991330/eea4e86124ccff1b23ab108163a94d34.jpeg,NoFace,,male,FALSE,0
263,http://pbs.twimg.com/profile_images/378800000039322745/d3c06d4cf3f7cb2e3d4b6790d2bb3f8e.jpeg,male,49,male,TRUE,1
264,http://pbs.twimg.com/profile_images/378800000072566216/92362ab89e8d5d2819f20efee2f18755.jpeg,male,82,male,TRUE,1
265,http://pbs.twimg.com/profile_images/378800000091153546/24aef8811ea99c78fb29f1279e708523.jpeg,male,48,male,TRUE,1
266,http://pbs.twimg.com/profile_images/378800000107156024/84479f20ccab2621845fa4b12d331ff8.jpeg,male,13,male,TRUE,1
267,http://pbs.twimg.com/profile_images/378800000130997082/1a96617ec23b1e622a38d7dd7c85543f.jpeg,male,35,male,TRUE,1
268,http://pbs.twimg.com/profile_images/378800000146387877/426c02cf3009a4cebcfb825df29b7ee8.jpeg,male,16,male,TRUE,1
269,http://pbs.twimg.com/profile_images/378800000146633430/217ef7092f2890fcac244ee07f773bc3.jpeg,male,49,male,TRUE,1
270,http://pbs.twimg.com/profile_images/378800000158823272/60a53a000fc60b285321dbadd841fc6e.jpeg,female,1,male,FALSE,0
271,http://pbs.twimg.com/profile_images/378800000167537434/3c2cd4dd4602f8caa8bae0502f1ac003.jpeg,NoFace,,male,FALSE,0
272,http://pbs.twimg.com/profile_images/378800000175654745/d75c8a6741e1be279c108ae6744df393.png,male,82,male,TRUE,1
273,http://pbs.twimg.com/profile_images/378800000193658572/5dab18ac26ad15acf5e7afda7f960dc9.jpeg,male,73,male,TRUE,1
274,http://pbs.twimg.com/profile_images/378800000207271911/084be3a1eeb8ef1d47cfadfd6aaa81b8.jpeg,male,85,male,TRUE,1
275,http://pbs.twimg.com/profile_images/378800000211689866/7283b0116e0c771a78c5b8844ffc81ea.jpeg,male,18,male,TRUE,1
276,http://pbs.twimg.com/profile_images/378800000217819690/dd40971ec649794ba0552f4aab68bbd8.jpeg,male,62,male,TRUE,1
277,http://pbs.twimg.com/profile_images/378800000233137278/f255aa2fc86839ddb50a967e13f84069.jpeg,male,41,male,TRUE,1
278,http://pbs.twimg.com/profile_images/378800000234135790/60ee77ae5e3f2a901a97f74dc0332072.jpeg,male,11,male,TRUE,1
279,http://pbs.twimg.com/profile_images/378800000239240491/2aea9b0a8a418fd9e546aaff4738712d.jpeg,male,61,male,TRUE,1
280,http://pbs.twimg.com/profile_images/378800000239705742/462ddffe4603047a552f3c0dd78efaba.jpeg,male,19,male,TRUE,1
281,http://pbs.twimg.com/profile_images/378800000239851294/c1132f81ae5a6423f634a4343f959b31.jpeg,male,25,male,TRUE,1
282,http://pbs.twimg.com/profile_images/378800000243818550/e51c3b2d45c7d0532ebfa9f737834d94.jpeg,NoFace,,male,FALSE,0
283,http://pbs.twimg.com/profile_images/378800000254917963/e6e013422fd532ab7bccceb002249e56.jpeg,male,27,male,TRUE,1
284,http://pbs.twimg.com/profile_images/378800000272184210/eb456beb0b08857b62a19cea852450cc.jpeg,male,100,male,TRUE,1
285,http://pbs.twimg.com/profile_images/378800000273803003/b464998822c1c429ad163cfef1542a53.jpeg,female,44,male,FALSE,0
286,http://pbs.twimg.com/profile_images/378800000291315200/6e8549dd371dcb7a52422ed14078b8bc.jpeg,male,72,male,TRUE,1
287,http://pbs.twimg.com/profile_images/378800000292863004/b36dbcc204a5fac109ab82c0b2f09117.jpeg,male,56,male,TRUE,1
288,http://pbs.twimg.com/profile_images/378800000299415243/14de439d7526853be9ec44b6a3231c57.jpeg,male,40,male,TRUE,1
289,http://pbs.twimg.com/profile_images/378800000322667522/8a01a3ace977439a702fcc9deb5046ab.jpeg,male,32,male,TRUE,1
290,http://pbs.twimg.com/profile_images/378800000332749453/f4025c035cf8a799bf46f908d2ed1c41.png,NoFace,,male,FALSE,0
291,http://pbs.twimg.com/profile_images/378800000348216053/a2e66c4f0d7ff5c15c0e646b484c6db8.jpeg,male,48,male,TRUE,1
292,http://pbs.twimg.com/profile_images/378800000368694495/0ded866ff1158a0f2b12d93169b29e0a.jpeg,NoFace,,male,FALSE,0
293,http://pbs.twimg.com/profile_images/378800000381957482/b91e25650c6ac5dd4d5f4365958d13c5.jpeg,male,43,male,TRUE,1
294,http://pbs.twimg.com/profile_images/378800000394509366/a9ef3f110b64b9c4464484e046168a0f.jpeg,male,8,male,TRUE,1
295,http://pbs.twimg.com/profile_images/378800000397559957/b99a8232fb184d3e2d5c611f3db78171.jpeg,male,20,male,TRUE,1
296,http://pbs.twimg.com/profile_images/378800000407072283/9b48765517cc5938902965b266f970c2.jpeg,male,81,male,TRUE,1
297,http://pbs.twimg.com/profile_images/378800000423538576/1075c8502b9fcfef7e5f21ee9e5e52ed.jpeg,male,92,male,TRUE,1
298,http://pbs.twimg.com/profile_images/378800000426976306/10245e49ec2a6807c4de720c9430d0e4.jpeg,male,34,male,TRUE,1
299,http://pbs.twimg.com/profile_images/378800000429303503/1f4f8026f8d5ec4ed4d3d1ea203b4f9d.jpeg,male,59,male,TRUE,1
300,http://pbs.twimg.com/profile_images/378800000443616599/f13c75d88e5786b45530b1f23485482b.jpeg,male,48,male,TRUE,1
301,http://pbs.twimg.com/profile_images/378800000445628713/36570da9e4689b017fa1c481147d940d.jpeg,female,3,male,FALSE,0
302,http://pbs.twimg.com/profile_images/378800000446605698/1765391d0d11ba71fa69d32cd5f6d005.png,male,44,male,TRUE,1
303,http://pbs.twimg.com/profile_images/378800000455114640/1d3882f77ef4b621d35c6b00247328eb.jpeg,male,92,male,TRUE,1
304,http://pbs.twimg.com/profile_images/378800000472062161/420efa97f81aed0ef527ec6e2965ada9.jpeg,female,19,male,FALSE,0
305,http://pbs.twimg.com/profile_images/378800000473195388/5778d074ef36386e1898932f02d47aea.jpeg,NoFace,,male,FALSE,0
306,http://pbs.twimg.com/profile_images/378800000476815674/67e49aea3fe7eab88ca69405e804e997.jpeg,male,62,male,TRUE,1
307,http://pbs.twimg.com/profile_images/378800000477006764/aaaee2669ab7bc554f9a9a3a5a106bc3.jpeg,male,46,male,TRUE,1
308,http://pbs.twimg.com/profile_images/378800000481431291/d500f5d8e1b1fc246396e7ba61f42c85.jpeg,male,36,male,TRUE,1
309,http://pbs.twimg.com/profile_images/378800000481644530/1452868d01856be48cd7670b0cc86b8e.jpeg,male,3,male,TRUE,1
310,http://pbs.twimg.com/profile_images/378800000487889405/49d0c2170ac36a9851f589339a125425.jpeg,male,39,male,TRUE,1
311,http://pbs.twimg.com/profile_images/378800000490330378/5974cc94e548a25eb2629ae9fd1018b8.jpeg,female,7,male,FALSE,0
312,http://pbs.twimg.com/profile_images/378800000497162515/09740b9aa2d6dc5ebd91f3f212788e2a.jpeg,male,94,male,TRUE,1
313,http://pbs.twimg.com/profile_images/378800000497903982/c89a7d16c1cc5a3ad292336afb3e8b2d.jpeg,male,100,male,TRUE,1
314,http://pbs.twimg.com/profile_images/378800000499984535/5395256a6a2c0fe05ddeab02c538d2f1.jpeg,male,62,male,TRUE,1
315,http://pbs.twimg.com/profile_images/378800000518486195/6e5d575c3fa10d4b4c1cdece2848424c.png,male,17,male,TRUE,1
316,http://pbs.twimg.com/profile_images/378800000531710560/b919c574f7d17c2f5985fce158a929da.jpeg,male,75,male,TRUE,1
317,http://pbs.twimg.com/profile_images/378800000532774798/0454ae3fcaa0e0481af708528057bd39.jpeg,NoFace,,male,FALSE,0
318,http://pbs.twimg.com/profile_images/378800000565592367/d962c438f7a2eaff0bc96bfdac791895.jpeg,male,31,male,TRUE,1
319,http://pbs.twimg.com/profile_images/378800000568654522/d61111130244c605f50c0aae42349986.jpeg,NoFace,,male,FALSE,0
320,http://pbs.twimg.com/profile_images/378800000570967067/b96c18aa4aeabd70ee51d9894fce63d6.jpeg,male,62,male,TRUE,1
321,http://pbs.twimg.com/profile_images/378800000579554180/ede4e0b1dc3844ff704fac75929ce950.jpeg,male,71,male,TRUE,1
322,http://pbs.twimg.com/profile_images/378800000589497438/dd8cb245c8f1fe7d830786927479436b.jpeg,male,68,male,TRUE,1
323,http://pbs.twimg.com/profile_images/378800000594873135/641d8a90c4fbf093c3710b723a92443b.jpeg,male,20,male,TRUE,1
324,http://pbs.twimg.com/profile_images/378800000600122690/6f2e0e477a94e0a7bb03d5284916dcd9.jpeg,male,77,male,TRUE,1
325,http://pbs.twimg.com/profile_images/378800000603442098/c431959f08580e692e9ef3ae005e8279.jpeg,NoFace,,male,FALSE,0
326,http://pbs.twimg.com/profile_images/378800000604324055/a9b3de75c6e5c5b4653185e02502b40a.jpeg,male,100,male,TRUE,1
327,http://pbs.twimg.com/profile_images/378800000607263583/4017fbb4cda70171c798d61c14ad53d0.jpeg,male,65,male,TRUE,1
328,http://pbs.twimg.com/profile_images/378800000630385094/86a2cc4972d67a9728bc0027187766ba.jpeg,male,80ID,male,TRUE,1
329,http://pbs.twimg.com/profile_images/378800000635660070/84009a5b680f2351b42da98ae51120dd.jpeg,female,15,male,FALSE,0
330,http://pbs.twimg.com/profile_images/378800000641181900/a7c031b4ce375b1f4c6495d045536395.jpeg,male,71,male,TRUE,1
331,http://pbs.twimg.com/profile_images/378800000643361231/5b1cc1cdd6a5ad7304dfbe72c92ef131.jpeg,male,31,male,TRUE,1
332,http://pbs.twimg.com/profile_images/378800000651914390/77020ac8f5312cbb603ad20110a71e7c.jpeg,male,46,male,TRUE,1
333,http://pbs.twimg.com/profile_images/378800000671701973/d6a64dd64fe705fe12c758ac30c7fc9f.jpeg,male,41,male,TRUE,1
334,http://pbs.twimg.com/profile_images/378800000679835400/88cf9335ecdb656e1c3e920d6e874cbf.jpeg,male,33,male,TRUE,1
335,http://pbs.twimg.com/profile_images/378800000688450069/ed450f3c5f8fdfe321aaed1f904562fc.jpeg,NoFace,,male,FALSE,0
336,http://pbs.twimg.com/profile_images/378800000713236558/a19aea9552caa2e3afba93750e7f8e25.jpeg,male,57,male,TRUE,1
337,http://pbs.twimg.com/profile_images/378800000715387338/4df5f946c88feafd2450db38cd7f93d0.jpeg,NoFace,,male,FALSE,0
338,http://pbs.twimg.com/profile_images/378800000729341773/034123ef6953cd7bcc11e482da1cbe4b.jpeg,male,57,male,TRUE,1
339,http://pbs.twimg.com/profile_images/378800000734860156/e7ed0bfdcd9765c301af8afac58bdc05.jpeg,male,75,male,TRUE,1
340,http://pbs.twimg.com/profile_images/378800000763773711/d7a67b7e33657cde2f8b3fac3e2e0350.jpeg,male,28,male,TRUE,1
341,http://pbs.twimg.com/profile_images/378800000769495105/9ad47711217e5170b3fc4db1391590c0.jpeg,NoFace,,male,FALSE,0
342,http://pbs.twimg.com/profile_images/378800000800368726/a550243847b855e8983878b67d21ffc0.jpeg,male,94,male,TRUE,1
343,http://pbs.twimg.com/profile_images/378800000813417885/1b7d0ee4a8924050f2e71bd108de523b.jpeg,male,55,male,TRUE,1
344,http://pbs.twimg.com/profile_images/378800000830839437/e589cd44fb798489fcf7368cbcb9d422.jpeg,male,50,male,TRUE,1
345,http://pbs.twimg.com/profile_images/378800000836170269/abbdda5f7fd1b25724aa4ad96675a744.png,NoFace,,male,FALSE,0
346,http://pbs.twimg.com/profile_images/378800000844609250/3a468efdc1ce222d56bcf0872717b47d.jpeg,NoFace,,male,FALSE,0
347,http://pbs.twimg.com/profile_images/378800000848233411/e692fb5b7de3edbd1767c59c6afe2e8b.jpeg,male,39,male,TRUE,1
348,http://pbs.twimg.com/profile_images/378800000852557288/a2ca0ca86f23e39fd31e0e763afa6b58.jpeg,male,26,male,TRUE,1
349,http://pbs.twimg.com/profile_images/378800000856401397/e8FYmE7s.png,male,30,male,TRUE,1
350,http://pbs.twimg.com/profile_images/381611906/NormanLacy2005W150.jpg,male,11,male,TRUE,1
351,http://pbs.twimg.com/profile_images/412468858868350976/PoNDiXXA.jpeg,male,22,male,TRUE,1
352,http://pbs.twimg.com/profile_images/412542132495192064/VJyFFZpZ.jpeg,female,21,male,FALSE,0
353,http://pbs.twimg.com/profile_images/412842862221344768/QIhYux9_.jpeg,NoFace,,male,FALSE,0
354,http://pbs.twimg.com/profile_images/413215004624576513/94Lj_E_s.jpeg,male,87,male,TRUE,1
355,http://pbs.twimg.com/profile_images/413428382643150849/oOjdC-EH.jpeg,male,76,male,TRUE,1
356,http://pbs.twimg.com/profile_images/413611153365798912/OKpz1rI-.jpeg,male,84,male,TRUE,1
357,http://pbs.twimg.com/profile_images/416339148023152640/BBC1z83z.jpeg,male,63,male,TRUE,1
358,http://pbs.twimg.com/profile_images/417927672086286336/GWV2mHze.jpeg,male,53,male,TRUE,1
359,http://pbs.twimg.com/profile_images/418293170242220032/QtMDVZYd.jpeg,male,52,male,TRUE,1
360,http://pbs.twimg.com/profile_images/418343823392006144/yTfj9fjN.jpeg,male,78,male,TRUE,1
361,http://pbs.twimg.com/profile_images/418468035431641088/Hy_kx4o7.jpeg,female,11,male,FALSE,0
362,http://pbs.twimg.com/profile_images/418624218238959616/TfmfCxzZ.jpeg,male,30,male,TRUE,1
363,http://pbs.twimg.com/profile_images/419373354538127360/6nnItsEs.jpeg,male,50,male,TRUE,1
364,http://pbs.twimg.com/profile_images/419460660645216256/bt5vmesg.jpeg,male,88,male,TRUE,1
365,http://pbs.twimg.com/profile_images/421179999928860672/ipyoi10K.jpeg,male,15,male,TRUE,1
366,http://pbs.twimg.com/profile_images/421263259363065857/1NoProZO.jpeg,male,14,male,TRUE,1
367,http://pbs.twimg.com/profile_images/421876470630207488/bliNR06i.jpeg,male,54,male,TRUE,1
368,http://pbs.twimg.com/profile_images/422612846497652736/7e5jGFvA.jpeg,male,10,male,TRUE,1
369,http://pbs.twimg.com/profile_images/423237589890367488/I7gpcxxV.jpeg,male,8,male,TRUE,1
370,http://pbs.twimg.com/profile_images/423933184930115584/xNlTW8-g.jpeg,male,77,male,TRUE,1
371,http://pbs.twimg.com/profile_images/424547541204471808/KQnO5Yyb.jpeg,male,32,male,TRUE,1
372,http://pbs.twimg.com/profile_images/425634482754834432/4e0ICGwu.jpeg,female,11,male,FALSE,0
373,http://pbs.twimg.com/profile_images/425780995187437568/RJ3O_997.jpeg,male,46,male,TRUE,1
374,http://pbs.twimg.com/profile_images/426565386478186496/YH7A7psu.jpeg,male,19,male,TRUE,1
375,http://pbs.twimg.com/profile_images/426949721446289408/FlEh8TUq.jpeg,NoFace,,male,FALSE,0
376,http://pbs.twimg.com/profile_images/427754799832895489/F5mOblLO.jpeg,male,69,male,TRUE,1
377,http://pbs.twimg.com/profile_images/428389847812669440/oIBR0Mse.jpeg,male,90,male,TRUE,1
378,http://pbs.twimg.com/profile_images/429739711511293952/OY5HvCco.jpeg,male,84,male,TRUE,1
379,http://pbs.twimg.com/profile_images/430068474556063745/iVZAgj1r.jpeg,male,42,male,TRUE,1
380,http://pbs.twimg.com/profile_images/431290319095619584/wwpMayJ6.jpeg,male,46,male,TRUE,1
381,http://pbs.twimg.com/profile_images/431295355318059008/sp7abgzT.jpeg,male,26,male,TRUE,1
382,http://pbs.twimg.com/profile_images/431941777767944192/5Jx5swe-.jpeg,female,1,male,FALSE,0
383,http://pbs.twimg.com/profile_images/434580128413143040/Bp6vVr2i.jpeg,male,52,male,TRUE,1
384,http://pbs.twimg.com/profile_images/435140713492123648/iGC993oo.jpeg,male,34,male,TRUE,1
385,http://pbs.twimg.com/profile_images/435581110173462528/dIifQyc1.jpeg,male,11,male,TRUE,1
386,http://pbs.twimg.com/profile_images/436835393577578496/mOVnUMT3.jpeg,male,64,male,TRUE,1
387,http://pbs.twimg.com/profile_images/437169383463333888/2FtdSwiR.jpeg,male,11,male,TRUE,1
388,http://pbs.twimg.com/profile_images/437346290058264576/n4_ar57L.jpeg,male,70,male,TRUE,1
389,http://pbs.twimg.com/profile_images/438595647306870784/-r6XiOnT.jpeg,male,48,male,TRUE,1
390,http://pbs.twimg.com/profile_images/440312113651650561/k9j6Il6X.jpeg,male,55,male,TRUE,1
391,http://pbs.twimg.com/profile_images/441520173736935424/K5Ri0kzK.jpeg,male,19,male,TRUE,1
392,http://pbs.twimg.com/profile_images/441812739481030656/fAUsCsO7.jpeg,male,34,male,TRUE,1
393,http://pbs.twimg.com/profile_images/442626576182571008/WW6ScRmM.jpeg,female,11,male,FALSE,0
394,http://pbs.twimg.com/profile_images/443549722779738112/Y-FORcIA.jpeg,male,68,male,TRUE,1
395,http://pbs.twimg.com/profile_images/443582433766563840/_ntgusdG.jpeg,male,19,male,TRUE,1
396,http://pbs.twimg.com/profile_images/443611925746692096/5m6KdH9n.jpeg,male,74,male,TRUE,1
397,http://pbs.twimg.com/profile_images/444571632074366976/EUzY8PIF.jpeg,male,42,male,TRUE,1
398,http://pbs.twimg.com/profile_images/444773515120484352/Ep2qVayB.jpeg,male,56,male,TRUE,1
399,http://pbs.twimg.com/profile_images/445461894657105920/yCOjYCw7.jpeg,female,4,male,FALSE,0
400,http://pbs.twimg.com/profile_images/445813599995326464/85X_w9-T.jpeg,male,36,male,TRUE,1
401,http://pbs.twimg.com/profile_images/446256027239849984/0lE-_nrb.jpeg,male,47,male,TRUE,1
402,http://pbs.twimg.com/profile_images/447496617847824384/Q6pVNfyq.jpeg,male,51,male,TRUE,1
403,http://pbs.twimg.com/profile_images/448698132323237890/cuR3OUK-.png,male,35,male,TRUE,1
404,http://pbs.twimg.com/profile_images/448830570840076289/25rRg-dK.jpeg,male,38,male,TRUE,1
405,http://pbs.twimg.com/profile_images/449458671609581569/26u-wwD3.jpeg,male,100,male,TRUE,1
406,http://pbs.twimg.com/profile_images/450192023492898817/-1U63Uhf.jpeg,male,37,male,TRUE,1
407,http://pbs.twimg.com/profile_images/450210014632759296/JqgoTQ2X.jpeg,male,49,male,TRUE,1
408,http://pbs.twimg.com/profile_images/450666118470856704/OsCEtCr4.jpeg,male,67,male,TRUE,1
409,http://pbs.twimg.com/profile_images/451492631311159296/wTvno0pD.jpeg,NoFace,,male,FALSE,0
410,http://pbs.twimg.com/profile_images/452745404627435520/lXhLy0OU.jpeg,male,78,male,TRUE,1
411,http://pbs.twimg.com/profile_images/453454646409842688/Uc1wwoUQ.jpeg,male,64,male,TRUE,1
412,http://pbs.twimg.com/profile_images/453465505190256641/wnweXoLZ.jpeg,male,97,male,TRUE,1
413,http://pbs.twimg.com/profile_images/454119589945688065/34S3F5LT.jpeg,male,50,male,TRUE,1
414,http://pbs.twimg.com/profile_images/454329635841388544/6OLiWQ_M.jpeg,male,92,male,TRUE,1
415,http://pbs.twimg.com/profile_images/454589419581108224/z1zH839b.jpeg,male,27,male,TRUE,1
416,http://pbs.twimg.com/profile_images/455007770916290560/LMlGazHM.jpeg,male,72,male,TRUE,1
417,http://pbs.twimg.com/profile_images/455999955975417857/2lpM8EvW.jpeg,NoFace,,male,FALSE,0
418,http://pbs.twimg.com/profile_images/458758932425482240/70aQqF_t.jpeg,male,77,male,TRUE,1
419,http://pbs.twimg.com/profile_images/459245626765496320/LS_6EbmB.jpeg,male,65,male,TRUE,1
420,http://pbs.twimg.com/profile_images/460011280556777473/ctJEPPSV.jpeg,male,8,male,TRUE,1
421,http://pbs.twimg.com/profile_images/460712455409111040/pfZEnppR.jpeg,male,67,male,TRUE,1
422,http://pbs.twimg.com/profile_images/462027442291363840/J04GKbvY.jpeg,male,69,male,TRUE,1
423,http://pbs.twimg.com/profile_images/462060663674662912/cjrpR-tS.jpeg,male,45,male,TRUE,1
424,http://pbs.twimg.com/profile_images/462086757287079936/wBVA7WPQ.jpeg,male,66,male,TRUE,1
425,http://pbs.twimg.com/profile_images/463488628438470656/RWIHRUZn.jpeg,male,100,male,TRUE,1
426,http://pbs.twimg.com/profile_images/463615938508513280/wbNUL94a.jpeg,male,45,male,TRUE,1
427,http://pbs.twimg.com/profile_images/464175773671124992/J2GyPG3e.jpeg,male,60,male,TRUE,1
428,http://pbs.twimg.com/profile_images/464320135201710080/tyyPuRfS.jpeg,male,11,male,TRUE,1
429,http://pbs.twimg.com/profile_images/465706426883514368/s5viMGmB.jpeg,male,16,male,TRUE,1
430,http://pbs.twimg.com/profile_images/466701121189588992/TwnNqCQ-.jpeg,male,22,male,TRUE,1
431,http://pbs.twimg.com/profile_images/466848231595315200/12qiconD.jpeg,male,14,male,TRUE,1
432,http://pbs.twimg.com/profile_images/467109764762071041/rAcUQZ_o.jpeg,male,62,male,TRUE,1
433,http://pbs.twimg.com/profile_images/468253976354242560/7mdIKdq-.jpeg,male,28,male,TRUE,1
434,http://pbs.twimg.com/profile_images/468265514389630977/zU0DIpEj.png,male,64,male,TRUE,1
435,http://pbs.twimg.com/profile_images/468564202588614656/3EXj0r4V.jpeg,male,69,male,TRUE,1
436,http://pbs.twimg.com/profile_images/468933541565169664/DgKonyxf.jpeg,male,33,male,TRUE,1
437,http://pbs.twimg.com/profile_images/469617871643889664/h4FlXOHC.jpeg,male,19,male,TRUE,1
438,http://pbs.twimg.com/profile_images/469628483564339200/j8sEWGfP.jpeg,male,16,male,TRUE,1
439,http://pbs.twimg.com/profile_images/469648511227539458/PzBDOZLe.jpeg,male,41,male,TRUE,1
440,http://pbs.twimg.com/profile_images/470015873730617344/p8p6Dr-Z.jpeg,male,2,male,TRUE,1
441,http://pbs.twimg.com/profile_images/471594897032495104/jmz6so1U.jpeg,male,100,male,TRUE,1
442,http://pbs.twimg.com/profile_images/471877437144313856/os7KBAKD.jpeg,male,55,male,TRUE,1
443,http://pbs.twimg.com/profile_images/472208918534303745/uPCy2lLA.jpeg,male,100,male,TRUE,1
444,http://pbs.twimg.com/profile_images/472622485775474689/vUng04tn.jpeg,male,62,male,TRUE,1
445,http://pbs.twimg.com/profile_images/472694728568225792/t4Ar0Qkv.jpeg,male,66,male,TRUE,1
446,http://pbs.twimg.com/profile_images/473223236889477120/FuabGiaK.jpeg,male,32,male,TRUE,1
447,http://pbs.twimg.com/profile_images/473797821653463041/jvd248H7.jpeg,male,43,male,TRUE,1
448,http://pbs.twimg.com/profile_images/474117736390340609/A-I-cHfk.jpeg,female,2,male,FALSE,0
449,http://pbs.twimg.com/profile_images/474140875820265472/2C5qHdSm.jpeg,male,80,male,TRUE,1
450,http://pbs.twimg.com/profile_images/474457958332387328/ggYlTR1Y.jpeg,male,0,male,TRUE,1
451,http://pbs.twimg.com/profile_images/474517886090752001/Uso47Bd6.png,male,69,male,TRUE,1
452,http://pbs.twimg.com/profile_images/475220038266265600/1Ud06g_t.jpeg,male,32,male,TRUE,1
453,http://pbs.twimg.com/profile_images/475941835240534017/MPfHzPtR.jpeg,male,21,male,TRUE,1
454,http://pbs.twimg.com/profile_images/476225582544322563/P64mAQka.png,male,31,male,TRUE,1
455,http://pbs.twimg.com/profile_images/476866329610174464/y_DbPtQ3.jpeg,NoFace,,male,FALSE,0
456,http://pbs.twimg.com/profile_images/477016387445985280/EA9J7fzo.jpeg,male,38,male,TRUE,1
457,http://pbs.twimg.com/profile_images/477400595494469632/ARSlGgT0.jpeg,male,39,male,TRUE,1
458,http://pbs.twimg.com/profile_images/477585552384864257/n90bhT_q.jpeg,male,19,male,TRUE,1
459,http://pbs.twimg.com/profile_images/477586469960159232/nXzFxptf.jpeg,male,47,male,TRUE,1
460,http://pbs.twimg.com/profile_images/477682641282400256/TOB7cr9I.jpeg,male,8,male,TRUE,1
461,http://pbs.twimg.com/profile_images/477806624073986048/vnzgb2VR.jpeg,male,27,male,TRUE,1
462,http://pbs.twimg.com/profile_images/477831768049848320/bS6AieTW.jpeg,male,58,male,TRUE,1
463,http://pbs.twimg.com/profile_images/477983437928681472/-M-Bpqd7.jpeg,female,2,male,FALSE,0
464,http://pbs.twimg.com/profile_images/478109786018299904/UHgGJu2i.jpeg,NoFace,,male,FALSE,0
465,http://pbs.twimg.com/profile_images/478319675957198849/azal2rVL.jpeg,male,34,male,TRUE,1
466,http://pbs.twimg.com/profile_images/478392513569366016/ldgKx0Nr.jpeg,female,4,male,FALSE,0
467,http://pbs.twimg.com/profile_images/478595530365231104/oxbEeIT7.jpeg,male,34,male,TRUE,1
468,http://pbs.twimg.com/profile_images/479267024112078848/ZkEeoREM.jpeg,male,62,male,TRUE,1
469,http://pbs.twimg.com/profile_images/479450783188930560/3-zTsnQo.jpeg,male,100,male,TRUE,1
470,http://pbs.twimg.com/profile_images/479482881664774145/f3XWZHIH.png,male,31,male,TRUE,1
471,http://pbs.twimg.com/profile_images/480077912771543040/d-uqMkRw.jpeg,male,42,male,TRUE,1
472,http://pbs.twimg.com/profile_images/480920770986528769/m6YqQ5oe.jpeg,female,4,male,FALSE,0
473,http://pbs.twimg.com/profile_images/480983521817669632/tWBRTPTq.jpeg,male,68,male,TRUE,1
474,http://pbs.twimg.com/profile_images/481088093965922306/1o4mrKLP.jpeg,male,64,male,TRUE,1
475,http://pbs.twimg.com/profile_images/481574241897177088/pPOnuIZC.jpeg,male,25,male,TRUE,1
476,http://pbs.twimg.com/profile_images/481822167621857280/ofXSSJz-.jpeg,male,8,male,TRUE,1
477,http://pbs.twimg.com/profile_images/482502087628951553/TnlI6z57.jpeg,male,38,male,TRUE,1
478,http://pbs.twimg.com/profile_images/483584295357792258/BORQEC_Z.jpeg,male,90,male,TRUE,1
479,http://pbs.twimg.com/profile_images/484416145353879552/ug_p3hQ8.jpeg,male,59,male,TRUE,1
480,http://pbs.twimg.com/profile_images/484943153581940737/5Q1sMY1t.jpeg,male,87,male,TRUE,1
481,http://pbs.twimg.com/profile_images/485303591809196032/Axt8xatB.jpeg,NoFace,,male,FALSE,0
482,http://pbs.twimg.com/profile_images/485325214767534081/6kR7f58g.jpeg,male,25,male,TRUE,1
483,http://pbs.twimg.com/profile_images/485604243584217088/VahkUB2Y.jpeg,male,75,male,TRUE,1
484,http://pbs.twimg.com/profile_images/485770656517079041/tEimW99P.jpeg,male,63,male,TRUE,1
485,http://pbs.twimg.com/profile_images/486162064063225856/PTYtUGwT.jpeg,NoFace,,male,FALSE,0
486,http://pbs.twimg.com/profile_images/486462396202885121/uCPaqv1j.jpeg,male,48,male,TRUE,1
487,http://pbs.twimg.com/profile_images/486694657787584513/VTBxY8-f.png,male,92,male,TRUE,1
488,http://pbs.twimg.com/profile_images/486793903715016704/AmcUqaXE.jpeg,male,22,male,TRUE,1
489,http://pbs.twimg.com/profile_images/487139916891975681/82W7WxAB.jpeg,female,7,male,FALSE,0
490,http://pbs.twimg.com/profile_images/487163770456637442/uvWsU3ij.jpeg,NoFace,,male,FALSE,0
491,http://pbs.twimg.com/profile_images/487513375778164737/JpZwTOzg.jpeg,male,65,male,TRUE,1
492,http://pbs.twimg.com/profile_images/487826931862106113/dOkqQldo.jpeg,male,14,male,TRUE,1
493,http://pbs.twimg.com/profile_images/487887310667530240/zM6ynIBK.jpeg,male,17,male,TRUE,1
494,http://pbs.twimg.com/profile_images/488283844135505920/edXOx1SC.jpeg,male,41,male,TRUE,1
495,http://pbs.twimg.com/profile_images/488917345/n569726557_867359_6756.jpg,female,7,male,FALSE,0
496,http://pbs.twimg.com/profile_images/490069664853024768/a4mWx9jv.jpeg,male,15,male,TRUE,1
497,http://pbs.twimg.com/profile_images/490426739126833152/rZbpinAt.jpeg,female,2,male,FALSE,0
498,http://pbs.twimg.com/profile_images/490476388185423873/aj6l9fy4.jpeg,male,88,male,TRUE,1
499,http://pbs.twimg.com/profile_images/490822141370060801/A1FusbEZ.jpeg,male,26,male,TRUE,1
500,http://pbs.twimg.com/profile_images/491176914615160832/M3OCJ7M7.jpeg,male,33,male,TRUE,1
501,http://pbs.twimg.com/profile_images/491512865895874560/OAuDK04V.jpeg,male,80,male,TRUE,1
502,http://pbs.twimg.com/profile_images/492136754132963328/TSrRlJ6B.jpeg,male,15,male,TRUE,1
503,http://pbs.twimg.com/profile_images/492165604086784001/-nB9m8rz.png,male,100,male,TRUE,1
504,http://pbs.twimg.com/profile_images/493541625541296129/gTa5CUtc.jpeg,male,92,male,TRUE,1
505,http://pbs.twimg.com/profile_images/494033193528332288/3uT2DJ5U.jpeg,male,85,male,TRUE,1
506,http://pbs.twimg.com/profile_images/495365498888933376/2ED1buTv.jpeg,NoFace,,male,FALSE,0
507,http://pbs.twimg.com/profile_images/496509624/n790385220_1898.jpg,female,7,male,FALSE,0
508,http://pbs.twimg.com/profile_images/496521373951332352/TrQHGg1Y.jpeg,male,26,male,TRUE,1
509,http://pbs.twimg.com/profile_images/496801209949245440/qvlI5Z3K.jpeg,male,33,male,TRUE,1
510,http://pbs.twimg.com/profile_images/496946451256070145/v6b1xNus.jpeg,male,13,male,TRUE,1
511,http://pbs.twimg.com/profile_images/497212797734772736/inbBwI3l.jpeg,male,91,male,TRUE,1
512,http://pbs.twimg.com/profile_images/498379461243322368/NQ8D_ngf.jpeg,male,78,male,TRUE,1
513,http://pbs.twimg.com/profile_images/500237529799352320/OlHqJ9XZ.jpeg,female,50,male,FALSE,0
514,http://pbs.twimg.com/profile_images/501147421259227136/IEZxTyce.jpeg,male,67,male,TRUE,1
515,http://pbs.twimg.com/profile_images/501221037841727488/yOWwXQ5y.jpeg,male,35,male,TRUE,1
516,http://pbs.twimg.com/profile_images/501247475269660673/F8VUFbG4.jpeg,female,11,male,FALSE,0
517,http://pbs.twimg.com/profile_images/501524505278177280/jQfrBLli.jpeg,male,100,male,TRUE,1
518,http://pbs.twimg.com/profile_images/502173482730676225/JD21EbE7.jpeg,female,60,male,FALSE,0
519,http://pbs.twimg.com/profile_images/502443776837550081/DHg7kJ3G.jpeg,male,50,male,TRUE,1
520,http://pbs.twimg.com/profile_images/502720331841146880/PHE4fXIY.jpeg,male,22,male,TRUE,1
521,http://pbs.twimg.com/profile_images/503083139753705472/fFKs84PW.jpeg,male,81,male,TRUE,1
522,http://pbs.twimg.com/profile_images/503544470495703041/6d4dxHr-.jpeg,male,57,male,TRUE,1
523,http://pbs.twimg.com/profile_images/503679836317958144/yH_uJfLR.jpeg,male,47,male,TRUE,1
524,http://pbs.twimg.com/profile_images/503729945663643648/uY_gXsqV.jpeg,male,90,male,TRUE,1
525,http://pbs.twimg.com/profile_images/504136693880868864/5lkC0wXw.jpeg,male,88,male,TRUE,1
526,http://pbs.twimg.com/profile_images/504169855767953408/XSpRFPbc.jpeg,male,54,male,TRUE,1
527,http://pbs.twimg.com/profile_images/504628161296859137/yeYuiv6m.jpeg,male,44,male,TRUE,1
528,http://pbs.twimg.com/profile_images/505661457745580032/WA1e4C8d.jpeg,male,23,male,TRUE,1
529,http://pbs.twimg.com/profile_images/506300455874338816/2vjxt0-e.jpeg,male,50,male,TRUE,1
530,http://pbs.twimg.com/profile_images/506415442303275010/9LllnGfW.jpeg,male,65,male,TRUE,1
531,http://pbs.twimg.com/profile_images/507116183326167040/T_gCWYic.jpeg,male,100,male,TRUE,1
532,http://pbs.twimg.com/profile_images/507350927850758144/4_3aLhC7.jpeg,male,64,male,TRUE,1
533,http://pbs.twimg.com/profile_images/507728609809678336/CprAfdFS.jpeg,male,16,male,TRUE,1
534,http://pbs.twimg.com/profile_images/507827198229635073/1SK23HFX.jpeg,male,22,male,TRUE,1
535,http://pbs.twimg.com/profile_images/508201506424623104/W4eqmqMY.jpeg,male,100,male,TRUE,1
536,http://pbs.twimg.com/profile_images/508531137493221376/3Njo0CUr.jpeg,male,12,male,TRUE,1
537,http://pbs.twimg.com/profile_images/508577164527034368/qoOLcoDt.jpeg,male,12,male,TRUE,1
538,http://pbs.twimg.com/profile_images/508780941011984385/5OojLsdt.jpeg,male,66,male,TRUE,1
539,http://pbs.twimg.com/profile_images/508849484986458112/fqM0_XpI.jpeg,male,37,male,TRUE,1
540,http://pbs.twimg.com/profile_images/509765871779446785/SaQyXgOw.jpeg,male,67,male,TRUE,1
541,http://pbs.twimg.com/profile_images/512464622834573312/WWLpDjdS.jpeg,male,51,male,TRUE,1
542,http://pbs.twimg.com/profile_images/512560019322052609/ebNc0iGl.jpeg,male,79,male,TRUE,1
543,http://pbs.twimg.com/profile_images/513949624118571008/PBPxg6gd.jpeg,male,72,male,TRUE,1
544,http://pbs.twimg.com/profile_images/514209028235210752/nXjkSGvO.jpeg,male,100,male,TRUE,1
545,http://pbs.twimg.com/profile_images/515060443409158144/qodWeE2W.jpeg,male,33,male,TRUE,1
546,http://pbs.twimg.com/profile_images/515441467490189312/TjCEfOGK.jpeg,male,42,male,TRUE,1
547,http://pbs.twimg.com/profile_images/515700976078950400/u7_4hcET.jpeg,male,24,male,TRUE,1
548,http://pbs.twimg.com/profile_images/515839420407091201/ZE0wHzwC.jpeg,male,57,male,TRUE,1
549,http://pbs.twimg.com/profile_images/516059492497121280/EKi_qoT9.jpeg,male,9,male,TRUE,1
550,http://pbs.twimg.com/profile_images/516153280934592512/AqMzR-uF.jpeg,male,30,male,TRUE,1
551,http://pbs.twimg.com/profile_images/516429588209995776/S_bX-4ZR.jpeg,male,68,male,TRUE,1
552,http://pbs.twimg.com/profile_images/516553692627992576/yFoxVMjh.jpeg,male,12,male,TRUE,1
553,http://pbs.twimg.com/profile_images/516807591276462080/fgPt7b6U.png,male,18,male,TRUE,1
554,http://pbs.twimg.com/profile_images/516832846124560384/vFU_j0Pa.jpeg,male,35,male,TRUE,1
555,http://pbs.twimg.com/profile_images/516926734860431360/ViQUVGAZ.jpeg,male,30,male,TRUE,1
556,http://pbs.twimg.com/profile_images/517116338548908032/JFcV7IZ1.jpeg,male,5,male,TRUE,1
557,http://pbs.twimg.com/profile_images/517564667397300224/G3MCqHj2.jpeg,male,55,male,TRUE,1
558,http://pbs.twimg.com/profile_images/517634000693645312/WZINO00u.jpeg,male,43,male,TRUE,1
559,http://pbs.twimg.com/profile_images/518002388762767360/VjZZ7NK9.jpeg,male,46,male,TRUE,1
560,http://pbs.twimg.com/profile_images/518076583915966464/-hEWAab6.jpeg,male,12,male,TRUE,1
561,http://pbs.twimg.com/profile_images/518605955139768320/zkjQaWhA.jpeg,male,59,male,TRUE,1
562,http://pbs.twimg.com/profile_images/520949136862883840/od6N1KMQ.jpeg,female,17,male,FALSE,0
563,http://pbs.twimg.com/profile_images/52098924/Joe_Grinning.jpg,male,42,male,TRUE,1
564,http://pbs.twimg.com/profile_images/521045807621890050/4bo5GKnO.jpeg,male,26,male,TRUE,1
565,http://pbs.twimg.com/profile_images/521591425519980544/SyNnvRDe.jpeg,male,65,male,TRUE,1
566,http://pbs.twimg.com/profile_images/522219005835104256/cAT-xm3X.jpeg,female,9,male,FALSE,0
567,http://pbs.twimg.com/profile_images/522511485847617536/Mn8-i2AV.jpeg,male,56,male,TRUE,1
568,http://pbs.twimg.com/profile_images/523812414492393473/mhNuL43N.jpeg,NoFace,,male,FALSE,0
569,http://pbs.twimg.com/profile_images/524477710643367936/6X01f5QO.jpeg,male,38,male,TRUE,1
570,http://pbs.twimg.com/profile_images/524754506169344000/fiurS25v.jpeg,male,3,male,TRUE,1
571,http://pbs.twimg.com/profile_images/525557818586173440/nvXdxD4F.jpeg,male,79,male,TRUE,1
572,http://pbs.twimg.com/profile_images/525874144680742912/yEN_TDSP.jpeg,NoFace,,male,FALSE,0
573,http://pbs.twimg.com/profile_images/526305358004752385/y_YtiQyi.jpeg,male,45,male,TRUE,1
574,http://pbs.twimg.com/profile_images/526330656037425154/w5-hNXuA.jpeg,male,9,male,TRUE,1
575,http://pbs.twimg.com/profile_images/527783557645611009/Ax_QFxkt.jpeg,male,26,male,TRUE,1
576,http://pbs.twimg.com/profile_images/528688817083924480/zTj7IIUG.jpeg,female,10,male,FALSE,0
577,http://pbs.twimg.com/profile_images/528827546679246849/lsWeQ77E.jpeg,male,92,male,TRUE,1
578,http://pbs.twimg.com/profile_images/529430144490827776/6o0Rgu5I.jpeg,male,51,male,TRUE,1
579,http://pbs.twimg.com/profile_images/530100744494395392/K14snIZZ.jpeg,male,43,male,TRUE,1
580,http://pbs.twimg.com/profile_images/530151744311795712/2R7l2eyo.jpeg,male,100,male,TRUE,1
581,http://pbs.twimg.com/profile_images/530666770193850368/TPgiu7Pl.jpeg,male,67,male,TRUE,1
582,http://pbs.twimg.com/profile_images/530814983961997312/hflxiMRG.jpeg,male,2,male,TRUE,1
583,http://pbs.twimg.com/profile_images/530971691724189698/yJFO5_Ki.jpeg,male,100,male,TRUE,1
584,http://pbs.twimg.com/profile_images/531141543948599297/FvcjaiGE.jpeg,NoFace,,male,FALSE,0
585,http://pbs.twimg.com/profile_images/531230165188087808/iVr3rcfy.jpeg,male,61,male,TRUE,1
586,http://pbs.twimg.com/profile_images/531962561629929472/TW9HGiVq.jpeg,NoFace,,male,FALSE,0
587,http://pbs.twimg.com/profile_images/532671922731900928/vBh1d2Ut.jpeg,male,51,male,TRUE,1
588,http://pbs.twimg.com/profile_images/532885279812509698/cANN8HtE.jpeg,male,53,male,TRUE,1
589,http://pbs.twimg.com/profile_images/533104807469268992/78U8dRBy.jpeg,male,6,male,TRUE,1
590,http://pbs.twimg.com/profile_images/533373454511116288/A8cOQI5f.jpeg,male,58,male,TRUE,1
591,http://pbs.twimg.com/profile_images/534530088209903616/MQ_EoI7Q.jpeg,male,74,male,TRUE,1
592,http://pbs.twimg.com/profile_images/534649941650460672/SzRRxM1J.jpeg,NoFace,,male,FALSE,0
593,http://pbs.twimg.com/profile_images/535688790669410304/HN2Hyjt1.jpeg,male,39,male,TRUE,1
594,http://pbs.twimg.com/profile_images/536410750424580097/djBzLJc8.jpeg,male,24,male,TRUE,1
595,http://pbs.twimg.com/profile_images/537489095589515265/Qst1svl7.jpeg,NoFace,,male,FALSE,0
596,http://pbs.twimg.com/profile_images/537758782961360896/UprluW1U.jpeg,male,100,male,TRUE,1
597,http://pbs.twimg.com/profile_images/537839561586405377/_8kNcL9g.jpeg,male,32,male,TRUE,1
598,http://pbs.twimg.com/profile_images/537910103693737984/mYHrysMS.jpeg,male,44,male,TRUE,1
599,http://pbs.twimg.com/profile_images/537910675008671744/eBM44Htm.jpeg,male,48,male,TRUE,1
600,http://pbs.twimg.com/profile_images/538631797873967104/qz5tYZti.jpeg,NoFace,,male,FALSE,0
601,http://pbs.twimg.com/profile_images/538966532206772224/KXIeoPqR.png,male,29,male,TRUE,1
602,http://pbs.twimg.com/profile_images/539618203953922048/GIsyZT_Q.jpeg,male,32,male,TRUE,1
603,http://pbs.twimg.com/profile_images/539907763308994560/h8I0GSmg.jpeg,male,72,male,TRUE,1
604,http://pbs.twimg.com/profile_images/540105183632441344/W--3CCGA.jpeg,male,57,male,TRUE,1
605,http://pbs.twimg.com/profile_images/541537286152671232/HZ-_8oxC.jpeg,male,48,male,TRUE,1
606,http://pbs.twimg.com/profile_images/541802994602242048/o02gNb6E.jpeg,male,47,male,TRUE,1
607,http://pbs.twimg.com/profile_images/541918813223022592/a0pBaAlv.jpeg,NoFace,,male,FALSE,0
608,http://pbs.twimg.com/profile_images/542617650505842688/cCnz-e8P.jpeg,female,21,male,FALSE,0
609,http://pbs.twimg.com/profile_images/542879215960330241/5UsljKvr.jpeg,male,79,male,TRUE,1
610,http://pbs.twimg.com/profile_images/542932015603920896/evFWUdyn.jpeg,male,9,male,TRUE,1
611,http://pbs.twimg.com/profile_images/543021873051607040/fteuySFO.jpeg,male,18,male,TRUE,1
612,http://pbs.twimg.com/profile_images/544298898492100608/ds1iiJj6.jpeg,male,9,male,TRUE,1
613,http://pbs.twimg.com/profile_images/544738106562191360/F5bLSOVg.jpeg,male,12,male,TRUE,1
614,http://pbs.twimg.com/profile_images/545535785890349056/KBuYbzil.jpeg,male,21,male,TRUE,1
615,http://pbs.twimg.com/profile_images/545697909191086080/6NTgkw_z.jpeg,NoFace,,male,FALSE,0
616,http://pbs.twimg.com/profile_images/545836475485396992/dCnDvjk0.jpeg,male,50,male,TRUE,1
617,http://pbs.twimg.com/profile_images/546179073827811328/BchAQbS-.jpeg,male,100,male,TRUE,1
618,http://pbs.twimg.com/profile_images/546186117758722048/ElfPPyAe.jpeg,male,65,male,TRUE,1
619,http://pbs.twimg.com/profile_images/546252544335306752/-YqSlLW1.jpeg,NoFace,,male,FALSE,0
620,http://pbs.twimg.com/profile_images/546278078847021057/UpIP2gFx.jpeg,female,21,male,FALSE,0
621,http://pbs.twimg.com/profile_images/546327252078575619/5BU7l3YS.jpeg,male,18,male,TRUE,1
622,http://pbs.twimg.com/profile_images/546625025378230272/LKunTblk.jpeg,male,50,male,TRUE,1
623,http://pbs.twimg.com/profile_images/546631372060639232/9DQfffhc.jpeg,female,8,male,FALSE,0
624,http://pbs.twimg.com/profile_images/546639431633862656/i5hkChJn.jpeg,male,66,male,TRUE,1
625,http://pbs.twimg.com/profile_images/546805559018528768/m42GLAS5.jpeg,male,16,male,TRUE,1
626,http://pbs.twimg.com/profile_images/546845890523066369/vj_pZNjn.jpeg,female,10,male,FALSE,0
627,http://pbs.twimg.com/profile_images/547605221610762240/DSJazURt.jpeg,male,62,male,TRUE,1
628,http://pbs.twimg.com/profile_images/548674773878730754/vnYtltRt.jpeg,male,32,male,TRUE,1
629,http://pbs.twimg.com/profile_images/549076462817378307/wNj2BjG8.jpeg,male,75,male,TRUE,1
630,http://pbs.twimg.com/profile_images/549383292508594177/fWYZg1Jm.jpeg,male,46,male,TRUE,1
631,http://pbs.twimg.com/profile_images/549402497920430081/3BKpNvp9.jpeg,male,62,male,TRUE,1
632,http://pbs.twimg.com/profile_images/549431445886750721/M8NmJMZX.jpeg,male,50,male,TRUE,1
633,http://pbs.twimg.com/profile_images/549719123396014081/wjtq6CmP.jpeg,male,21,male,TRUE,1
634,http://pbs.twimg.com/profile_images/550181656997265408/j4nE852e.jpeg,female,6,male,FALSE,0
635,http://pbs.twimg.com/profile_images/550930217171050496/EzH_ok6J.jpeg,male,12,male,TRUE,1
636,http://pbs.twimg.com/profile_images/551028530721484802/ANVRzK-P.jpeg,male,5,male,TRUE,1
637,http://pbs.twimg.com/profile_images/551735542455341058/moaMHrPq.jpeg,male,63,male,TRUE,1
638,http://pbs.twimg.com/profile_images/551893306133594112/7rVaa6Mx.jpeg,male,53,male,TRUE,1
639,http://pbs.twimg.com/profile_images/553086169261412352/MnkGKHjl.jpeg,NoFace,,male,FALSE,0
640,http://pbs.twimg.com/profile_images/553295178409066496/ZP9Fy-K8.jpeg,NoFace,,male,FALSE,0
641,http://pbs.twimg.com/profile_images/553364275247325186/d4xGH0zP.jpeg,male,28,male,TRUE,1
642,http://pbs.twimg.com/profile_images/553868878938267649/cWrppjAQ.jpeg,NoFace,,male,FALSE,0
643,http://pbs.twimg.com/profile_images/554232407952351233/m8iUy3pd.jpeg,male,57,male,TRUE,1
644,http://pbs.twimg.com/profile_images/554508431789281280/rx4kOsL6.jpeg,male,4,male,TRUE,1
645,http://pbs.twimg.com/profile_images/554517647304314880/DrZGrykO.jpeg,male,63,male,TRUE,1
646,http://pbs.twimg.com/profile_images/555875383107518464/uJqZB4GK.jpeg,male,100,male,TRUE,1
647,http://pbs.twimg.com/profile_images/555920657414778880/Ug7mDw3H.jpeg,male,23,male,TRUE,1
648,http://pbs.twimg.com/profile_images/555992370441768960/3ARKb4cj.jpeg,male,68,male,TRUE,1
649,http://pbs.twimg.com/profile_images/556266101852475393/CAez8uwT.jpeg,male,36,male,TRUE,1
650,http://pbs.twimg.com/profile_images/556283111302905856/b7nJK819.jpeg,male,39,male,TRUE,1
651,http://pbs.twimg.com/profile_images/557136263770169344/u0-t5xXm.jpeg,male,95,male,TRUE,1
652,http://pbs.twimg.com/profile_images/557718741484855296/a2uo472B.jpeg,male,64,male,TRUE,1
653,http://pbs.twimg.com/profile_images/558013453843972096/3uen9JIQ.jpeg,male,25,male,TRUE,1
654,http://pbs.twimg.com/profile_images/558192780543922176/dX3FLMMw.jpeg,NoFace,,male,FALSE,0
655,http://pbs.twimg.com/profile_images/559083331216609280/MgVpY1F3.jpeg,male,57,male,TRUE,1
656,http://pbs.twimg.com/profile_images/559204332910809088/x0TVE69R.jpeg,NoFace,,male,FALSE,0
657,http://pbs.twimg.com/profile_images/559324720831545345/JdAvuRP6.jpeg,male,45,male,TRUE,1
658,http://pbs.twimg.com/profile_images/559845356007981056/UZOjcIrs.jpeg,male,65,male,TRUE,1
659,http://pbs.twimg.com/profile_images/559911282455769088/AdiFXVTL.jpeg,male,35,male,TRUE,1
660,http://pbs.twimg.com/profile_images/560226070327484417/VN7WcO-w.jpeg,male,81,male,TRUE,1
661,http://pbs.twimg.com/profile_images/560296565751824384/oNq-6SdV.jpeg,male,58,male,TRUE,1
662,http://pbs.twimg.com/profile_images/560311066635161601/YZu31ONq.jpeg,male,48,male,TRUE,1
663,http://pbs.twimg.com/profile_images/560311374165716992/pjY0m-ws.jpeg,male,84,male,TRUE,1
664,http://pbs.twimg.com/profile_images/560945746816401408/hmVIIr26.jpeg,male,3,male,TRUE,1
665,http://pbs.twimg.com/profile_images/561298937252823040/gU4-qq_5.jpeg,male,49,male,TRUE,1
666,http://pbs.twimg.com/profile_images/561517191732801536/2r7PvgY_.jpeg,male,100,male,TRUE,1
667,http://pbs.twimg.com/profile_images/562722453458518017/w4GZ8hiN.jpeg,male,69,male,TRUE,1
668,http://pbs.twimg.com/profile_images/563504777330298881/k6TheSVx.jpeg,male,65,male,TRUE,1
669,http://pbs.twimg.com/profile_images/563918067948744704/lWdbCM7v.jpeg,NoFace,,male,FALSE,0
670,http://pbs.twimg.com/profile_images/564783596087439362/xRaexKW8.jpeg,male,71,male,TRUE,1
671,http://pbs.twimg.com/profile_images/564927727971495938/kQObJvfQ.jpeg,male,100,male,TRUE,1
672,http://pbs.twimg.com/profile_images/564949106599018496/HWZdolc_.jpeg,NoFace,,male,FALSE,0
673,http://pbs.twimg.com/profile_images/565038549754322946/y_jM_FUg.jpeg,male,59,male,TRUE,1
674,http://pbs.twimg.com/profile_images/565050850091876352/kTygZKp9.jpeg,male,51,male,TRUE,1
675,http://pbs.twimg.com/profile_images/565198988677103616/da1otD-9.jpeg,male,41,male,TRUE,1
676,http://pbs.twimg.com/profile_images/565333993520787456/e37tpSIo.jpeg,NoFace,,male,FALSE,0
677,http://pbs.twimg.com/profile_images/566439819903918080/WcOmj8VS.jpeg,male,100,male,TRUE,1
678,http://pbs.twimg.com/profile_images/566838796340064256/Lr3HDK0Z.jpeg,male,63,male,TRUE,1
679,http://pbs.twimg.com/profile_images/566864191831556096/oXlrWCDY.jpeg,female,15,male,FALSE,0
680,http://pbs.twimg.com/profile_images/567894413611765760/p0-g_Zg6.jpeg,male,100,male,TRUE,1
681,http://pbs.twimg.com/profile_images/567935593158426625/jDki5p04.jpeg,male,100,male,TRUE,1
682,http://pbs.twimg.com/profile_images/567955294274088960/uK3DzzGl.jpeg,male,32,male,TRUE,1
683,http://pbs.twimg.com/profile_images/568492788900057088/k0V5MzgP.jpeg,male,52,male,TRUE,1
684,http://pbs.twimg.com/profile_images/569148938964324352/qqCjjz5M.jpeg,male,59,male,TRUE,1
685,http://pbs.twimg.com/profile_images/569749676874670080/8g68of_1.jpeg,NoFace,,male,FALSE,0
686,http://pbs.twimg.com/profile_images/570054245542412288/S2JzZQuj.jpeg,male,40,male,TRUE,1
687,http://pbs.twimg.com/profile_images/570710430473920512/Pm7keIav.jpeg,male,83,male,TRUE,1
688,http://pbs.twimg.com/profile_images/570859628424142848/W96fpt8l.jpeg,male,88,male,TRUE,1
689,http://pbs.twimg.com/profile_images/570932750/DWSFacebooksnap.jpg,male,53,male,TRUE,1
690,http://pbs.twimg.com/profile_images/571256214983569408/YtHMBWQN.jpeg,male,52,male,TRUE,1
691,http://pbs.twimg.com/profile_images/571433858249334786/Xs4qDeSh.jpeg,male,35,male,TRUE,1
692,http://pbs.twimg.com/profile_images/571523448104611840/jqpaOHKy.jpeg,male,45,male,TRUE,1
693,http://pbs.twimg.com/profile_images/571555469082279936/ol3cXSmf.jpeg,female,20,male,FALSE,0
694,http://pbs.twimg.com/profile_images/572281051536306176/qlK-zZg2.jpeg,male,51,male,TRUE,1
695,http://pbs.twimg.com/profile_images/572305544107409408/JvQFNYzM.jpeg,male,100,male,TRUE,1
696,http://pbs.twimg.com/profile_images/572632059421712385/Q8w54ruW.jpeg,male,66,male,TRUE,1
697,http://pbs.twimg.com/profile_images/572948003057438720/w_ziGAL-.jpeg,male,53,male,TRUE,1
698,http://pbs.twimg.com/profile_images/573310337174265857/FvwvYBL3.jpeg,male,27,male,TRUE,1
699,http://pbs.twimg.com/profile_images/573735392098185217/-RYnwmmp.jpeg,male,47,male,TRUE,1
700,http://pbs.twimg.com/profile_images/573795391222648833/sqjq83d0.jpeg,NoFace,,male,FALSE,0
701,http://pbs.twimg.com/profile_images/574145539941380096/t4tyzDu7.jpeg,male,36,male,TRUE,1
702,http://pbs.twimg.com/profile_images/574392795084906496/I_I_Nmm_.jpeg,male,56,male,TRUE,1
703,http://pbs.twimg.com/profile_images/574516580987498496/hVLxgvtt.jpeg,male,43,male,TRUE,1
704,http://pbs.twimg.com/profile_images/575056516824231936/Kf2jYcZ0.jpeg,NoFace,,male,FALSE,0
705,http://pbs.twimg.com/profile_images/575538845095084032/caaC-tXc.jpeg,NoFace,,male,FALSE,0
706,http://pbs.twimg.com/profile_images/575636592167108608/1XToUc-3.jpeg,male,88,male,TRUE,1
707,http://pbs.twimg.com/profile_images/576117402301140992/JR51y-cx.jpeg,NoFace,,male,FALSE,0
708,http://pbs.twimg.com/profile_images/576961196718329856/FpaeTtmS.jpeg,NoFace,,male,FALSE,0
709,http://pbs.twimg.com/profile_images/577400034880143360/FxptgfgA.jpeg,NoFace,,male,FALSE,0
710,http://pbs.twimg.com/profile_images/577560552941043713/7kpbEx_a.jpeg,female,8,male,FALSE,0
711,http://pbs.twimg.com/profile_images/577681254184718336/8hHuhwhT.jpeg,male,56,male,TRUE,1
712,http://pbs.twimg.com/profile_images/578173387899457536/buwa7E4P.jpeg,male,98,male,TRUE,1
713,http://pbs.twimg.com/profile_images/578416047679668224/z1AiA6VJ.jpeg,male,31,male,TRUE,1
714,http://pbs.twimg.com/profile_images/578857753692667905/7AwW6iCq.jpeg,NoFace,,male,FALSE,0
715,http://pbs.twimg.com/profile_images/579206778379849728/VFWiyg2G.jpg,female,22,male,FALSE,0
716,http://pbs.twimg.com/profile_images/579631129755435008/a4LIE0A4.jpg,male,94,male,TRUE,1
717,http://pbs.twimg.com/profile_images/579792707268124672/fdlUIbTc.jpg,male,30,male,TRUE,1
718,http://pbs.twimg.com/profile_images/579796420284194816/Tv85eovC.jpg,male,71,male,TRUE,1
719,http://pbs.twimg.com/profile_images/579807152161718272/GttR2lWz.jpg,male,100,male,TRUE,1
720,http://pbs.twimg.com/profile_images/580263346307510272/Bi1qFy43.jpg,male,43,male,TRUE,1
721,http://pbs.twimg.com/profile_images/580323820919132160/sfwCftvm.jpg,male,9,male,TRUE,1
722,http://pbs.twimg.com/profile_images/580331853506215936/rpbSEXa9.jpg,male,38,male,TRUE,1
723,http://pbs.twimg.com/profile_images/580349918776180736/afE5QBYo.jpg,male,51,male,TRUE,1
724,http://pbs.twimg.com/profile_images/580671053988376576/eqX8taaS.jpg,male,22,male,TRUE,1
725,http://pbs.twimg.com/profile_images/580837513633255424/pLcsZHU3.jpg,male,46,male,TRUE,1
726,http://pbs.twimg.com/profile_images/581028144338984960/BFwv2cmA.jpg,NoFace,,male,FALSE,0
727,http://pbs.twimg.com/profile_images/581618345260142592/_hOgI_Xz.jpg,male,7,male,TRUE,1
728,http://pbs.twimg.com/profile_images/582037725731131392/GD9HTIBR.jpg,male,85,male,TRUE,1
729,http://pbs.twimg.com/profile_images/582105335965466624/pyK6sONu.jpg,male,95,male,TRUE,1
730,http://pbs.twimg.com/profile_images/582861103920594944/dGtbIJac.jpg,male,47,male,TRUE,1
731,http://pbs.twimg.com/profile_images/582864998151503872/T5SwQZCQ.jpg,male,50,male,TRUE,1
732,http://pbs.twimg.com/profile_images/583067060688703488/3IaCAD2I.jpg,male,100,male,TRUE,1
733,http://pbs.twimg.com/profile_images/583900756249444352/l44ONcAi.jpg,male,36,male,TRUE,1
734,http://pbs.twimg.com/profile_images/584023058760933376/DinAkIS-.jpg,male,43,male,TRUE,1
735,http://pbs.twimg.com/profile_images/584349357408784384/ySIOBLYS.jpg,male,58,male,TRUE,1
736,http://pbs.twimg.com/profile_images/584995748443324416/WedsTPUP.jpg,male,83,male,TRUE,1
737,http://pbs.twimg.com/profile_images/585049510637731840/g3Fmp5vS.jpg,male,28,male,TRUE,1
738,http://pbs.twimg.com/profile_images/585264050621120514/UcDRdERg.jpg,NoFace,,male,FALSE,0
739,http://pbs.twimg.com/profile_images/585802387568197633/YTMiUB2U.jpg,NoFace,,male,FALSE,0
740,http://pbs.twimg.com/profile_images/585950922523541504/Yk6fBFXP.jpg,male,65,male,TRUE,1
741,http://pbs.twimg.com/profile_images/586340620374908928/fhrO2IpX.jpg,male,16,male,TRUE,1
742,http://pbs.twimg.com/profile_images/586355693877211136/OVWKELyq.jpg,male,7,male,TRUE,1
743,http://pbs.twimg.com/profile_images/586366137773854720/oFJwOXWE.jpg,male,62,male,TRUE,1
744,http://pbs.twimg.com/profile_images/586645860034818048/69qRK9yl.jpg,male,53,male,TRUE,1
745,http://pbs.twimg.com/profile_images/586760859684179968/dalReghH.jpg,NoFace,,male,FALSE,0
746,http://pbs.twimg.com/profile_images/587211950754410496/DTfg-Z_R.jpg,male,13,male,TRUE,1
747,http://pbs.twimg.com/profile_images/587479538470227968/TVEBrC8i.jpg,male,67,male,TRUE,1
748,http://pbs.twimg.com/profile_images/587531127180492801/KmmSFKF1.jpg,NoFace,,male,FALSE,0
749,http://pbs.twimg.com/profile_images/587732451390132224/oUEy7c76.jpg,NoFace,,male,FALSE,0
750,http://pbs.twimg.com/profile_images/588595931756429312/zyQbuML8.jpg,male,20,male,TRUE,1
751,http://pbs.twimg.com/profile_images/588657791000154112/FbO6oJGO.jpg,male,34,male,TRUE,1
752,http://pbs.twimg.com/profile_images/589294308638896128/4EubWUlz.jpg,male,16,male,TRUE,1
753,http://pbs.twimg.com/profile_images/589499717890875392/9AswyEdm.jpg,male,77,male,TRUE,1
754,http://pbs.twimg.com/profile_images/592112117701947392/mNJTLjUp.jpg,male,24,male,TRUE,1
755,http://pbs.twimg.com/profile_images/592271767126740994/bFCYpPdx.jpg,male,51,male,TRUE,1
756,http://pbs.twimg.com/profile_images/592282321543303170/vuykvXtb.jpg,male,85,male,TRUE,1
757,http://pbs.twimg.com/profile_images/592835362176774144/pwvRxssM.jpg,NoFace,,male,FALSE,0
758,http://pbs.twimg.com/profile_images/592946762286923777/8eGj3YBy.jpg,male,72,male,TRUE,1
759,http://pbs.twimg.com/profile_images/593403957671628801/6Uxj4eWy.jpg,male,100,male,TRUE,1
760,http://pbs.twimg.com/profile_images/593666883477372929/WyJwX0fO.jpg,male,64,male,TRUE,1
761,http://pbs.twimg.com/profile_images/593962483494191104/kBvmmoOG.jpg,female,4,male,FALSE,0
762,http://pbs.twimg.com/profile_images/593969917671510016/iMCmiQlg.jpg,female,5,male,FALSE,0
763,http://pbs.twimg.com/profile_images/595031978937749506/GtHCeeO4.jpg,female,4,male,FALSE,0
764,http://pbs.twimg.com/profile_images/595425039756992512/NEe4Pxga.jpg,male,59,male,TRUE,1
765,http://pbs.twimg.com/profile_images/595460126447775744/XQr1g5YE.jpg,male,6,male,TRUE,1
766,http://pbs.twimg.com/profile_images/595856122759815170/Yfzt1PLG.jpg,male,23,male,TRUE,1
767,http://pbs.twimg.com/profile_images/596518094329155584/YcupkzkC.jpg,male,35,male,TRUE,1
768,http://pbs.twimg.com/profile_images/596628022641307649/TfREWbo6.jpg,male,86,male,TRUE,1
769,http://pbs.twimg.com/profile_images/598775215880011777/ZhXwPDQg.jpg,male,71,male,TRUE,1
770,http://pbs.twimg.com/profile_images/599105005526732800/Sz2p-3f6.jpg,NoFace,,male,FALSE,0
771,http://pbs.twimg.com/profile_images/599363057614131200/LG4iYKZF.jpg,male,56,male,TRUE,1
772,http://pbs.twimg.com/profile_images/599577239190011904/0jwGjO6l.jpg,male,80,male,TRUE,1
773,http://pbs.twimg.com/profile_images/599882913077809152/Zq0XXa5y.jpg,male,13,male,TRUE,1
774,http://pbs.twimg.com/profile_images/600471506443874306/ECoX-7r9.jpg,NoFace,,male,FALSE,0
775,http://pbs.twimg.com/profile_images/600486106459607041/wrOY__eb.jpg,male,82,male,TRUE,1
776,http://pbs.twimg.com/profile_images/600865907699625984/O4BXloH8.jpg,male,59,male,TRUE,1
777,http://pbs.twimg.com/profile_images/602284809059115008/zj8xegHh.jpg,male,28,male,TRUE,1
778,http://pbs.twimg.com/profile_images/602652229871349760/Qk80-wsz.jpg,male,100,male,TRUE,1
779,http://pbs.twimg.com/profile_images/602727906637283328/mSCgZKY2.jpg,male,57,male,TRUE,1
780,http://pbs.twimg.com/profile_images/603195229672378369/GR1LjDbD.jpg,male,56,male,TRUE,1
781,http://pbs.twimg.com/profile_images/603394013601734656/XcqsmFTi.jpg,male,70,male,TRUE,1
782,http://pbs.twimg.com/profile_images/603768594380423169/p4pKxwWh.jpg,male,32,male,TRUE,1
783,http://pbs.twimg.com/profile_images/604466711987765248/Mq_ygMDz.jpg,male,28,male,TRUE,1
784,http://pbs.twimg.com/profile_images/1079449953/Steve_Price.jpg,male,31,male,TRUE,1
785,http://pbs.twimg.com/profile_images/1106938604/s05-John_Sheridan.jpg,male,53,male,TRUE,1
786,http://pbs.twimg.com/profile_images/1129533623/Rob.jpg,male,66,male,TRUE,1
787,http://pbs.twimg.com/profile_images/1143011184/BP_MG_0323.JPG,male,87,male,TRUE,1
788,http://pbs.twimg.com/profile_images/1145170167/image.jpg,male,51,male,TRUE,1
789,http://pbs.twimg.com/profile_images/1151160394/image.jpg,male,63,male,TRUE,1
790,http://pbs.twimg.com/profile_images/1184427024/Rod_Ward.jpg,male,48,male,TRUE,1
791,http://pbs.twimg.com/profile_images/1189261079/Profile_Pic.jpg,male,34,male,TRUE,1
792,http://pbs.twimg.com/profile_images/1191011762/Andrew_Profile_final.png,male,86,male,TRUE,1
793,http://pbs.twimg.com/profile_images/1200610440/my_facebook_look.JPG,male,31,male,TRUE,1
794,http://pbs.twimg.com/profile_images/1201946765/image.jpg,male,54,male,TRUE,1
795,http://pbs.twimg.com/profile_images/1212685867/London_2_122_cut.JPG,male,21,male,TRUE,1
796,http://pbs.twimg.com/profile_images/1218549237/Philip_France_Soir.JPG,male,72,male,TRUE,1
797,http://pbs.twimg.com/profile_images/1218961782/image.jpg,NoFace,,male,FALSE,0
798,http://pbs.twimg.com/profile_images/1240145536/image.jpg,male,30,male,TRUE,1
799,http://pbs.twimg.com/profile_images/1252241265/image.jpg,male,39,male,TRUE,1
800,http://pbs.twimg.com/profile_images/1263340770/SF1.jpg,NoFace,,male,FALSE,0
801,http://pbs.twimg.com/profile_images/127698014/Clyde.jpg,male,19,male,TRUE,1
802,http://pbs.twimg.com/profile_images/1295271733/Mark_Devine_pic__needs_cropping_.JPG,male,46,male,TRUE,1
803,http://pbs.twimg.com/profile_images/1299573548/Me_Melbs_profile1.jpg,male,40,male,TRUE,1
804,http://pbs.twimg.com/profile_images/1314141090/phil1.jpg,NoFace,,male,FALSE,0
805,http://pbs.twimg.com/profile_images/1324167582/David_Tarbotton_-_Photo.jpg,male,39,male,TRUE,1
806,http://pbs.twimg.com/profile_images/1324326980/image.jpg,male,14,male,TRUE,1
807,http://pbs.twimg.com/profile_images/1331371030/IMAG0803_-_Version_2.jpg,male,27,male,TRUE,1
808,http://pbs.twimg.com/profile_images/1331631090/image.jpg,male,29,male,TRUE,1
809,http://pbs.twimg.com/profile_images/1337044522/profile.jpg,female,1,male,FALSE,0
810,http://pbs.twimg.com/profile_images/1348144671/DCJPortraitsmall.jpg,male,93,male,TRUE,1
811,http://pbs.twimg.com/profile_images/1355642025/178232-malcolm-conn-090713.jpg,male,86,male,TRUE,1
812,http://pbs.twimg.com/profile_images/1360761978/image.jpg,female,5,male,FALSE,0
813,http://pbs.twimg.com/profile_images/1365571242/guyLittleSportPsychology.jpg,male,32,male,TRUE,1
814,http://pbs.twimg.com/profile_images/1369126926/image.jpg,female,21,male,FALSE,0
815,http://pbs.twimg.com/profile_images/1373293713/profile-pic-May-2011-square.jpg,female,3,male,FALSE,0
816,http://pbs.twimg.com/profile_images/138391534/brayden.jpg,male,22,male,TRUE,1
817,http://pbs.twimg.com/profile_images/1389668519/2010.07.07_Military_Museum_1.jpg,male,56,male,TRUE,1
818,http://pbs.twimg.com/profile_images/1448665946/P1060650_2.jpg,male,51,male,TRUE,1
819,http://pbs.twimg.com/profile_images/1469533336/230143_10150243921957247_669312246_9175194_7527394_n.jpg,male,30,male,TRUE,1
820,http://pbs.twimg.com/profile_images/1477131162/profilepic.jpg,male,25,male,TRUE,1
821,http://pbs.twimg.com/profile_images/1496391881/image.jpg,NoFace,,male,FALSE,0
822,http://pbs.twimg.com/profile_images/1531271523/IMG_0429v2.jpg,female,2,male,FALSE,0
823,http://pbs.twimg.com/profile_images/1549771856/farewell.jpg,male,73,male,TRUE,1
824,http://pbs.twimg.com/profile_images/1551374681/image.jpg,male,13,male,TRUE,1
825,http://pbs.twimg.com/profile_images/1566903664/Johnny.jpg,male,100,male,TRUE,1
826,http://pbs.twimg.com/profile_images/1574464754/Gareth.jpg,male,29,male,TRUE,1
827,http://pbs.twimg.com/profile_images/1574502128/tim_head.jpg,male,86,male,TRUE,1
828,http://pbs.twimg.com/profile_images/1576326942/Twitter.JPG,male,22,male,TRUE,1
829,http://pbs.twimg.com/profile_images/1592472517/DSC_0253.jpg,male,49,male,TRUE,1
830,http://pbs.twimg.com/profile_images/1603678250/twitter.png,male,28,male,TRUE,1
831,http://pbs.twimg.com/profile_images/1603866528/image.jpg,male,42,male,TRUE,1
832,http://pbs.twimg.com/profile_images/1621597374/6610_104605342855_703002855_2033381_1010208_n.jpg,female,11,male,FALSE,0
833,http://pbs.twimg.com/profile_images/1632777763/37225_443402804809_585424809_5975253_5497276_n_1_.jpg,male,100,male,TRUE,1
834,http://pbs.twimg.com/profile_images/1636631308/cad6bbd5-44b1-48b8-b240-35cbcffad2cf.png,male,43,male,TRUE,1
835,http://pbs.twimg.com/profile_images/1636682601/bikeboy_crop.jpg,male,88,male,TRUE,1
836,http://pbs.twimg.com/profile_images/1643402631/aled.jpg,male,62,male,TRUE,1
837,http://pbs.twimg.com/profile_images/1655308352/IMG_0011.jpg,male,26,male,TRUE,1
838,http://pbs.twimg.com/profile_images/1672893753/image.jpg,male,35,male,TRUE,1
839,http://pbs.twimg.com/profile_images/1676674588/IMG_0872.JPG,male,47,male,TRUE,1
840,http://pbs.twimg.com/profile_images/1676735608/image.jpg,NoFace,,male,FALSE,0
841,http://pbs.twimg.com/profile_images/1679876498/Gary_Profile.jpg,male,48,male,TRUE,1
842,http://pbs.twimg.com/profile_images/1692153914/389431_10150456747839834_580144833_8456064_173541567_n.jpg,male,41,male,TRUE,1
843,http://pbs.twimg.com/profile_images/1701217320/image.jpg,male,48,male,TRUE,1
844,http://pbs.twimg.com/profile_images/1706364945/image.jpg,male,100,male,TRUE,1
845,http://pbs.twimg.com/profile_images/1708851496/Daft_Mugshot_New_Small.JPG,male,59,male,TRUE,1
846,http://pbs.twimg.com/profile_images/1719136097/photo.JPG,male,82,male,TRUE,1
847,http://pbs.twimg.com/profile_images/1719271384/Greg_D5.jpg,female,14,male,FALSE,0
848,http://pbs.twimg.com/profile_images/1729350470/2Alex_Forbes_012.jpg,male,69,male,TRUE,1
849,http://pbs.twimg.com/profile_images/1741122456/FsDNLiV4,male,58,male,TRUE,1
850,http://pbs.twimg.com/profile_images/1742213353/photo.JPG,male,17,male,TRUE,1
851,http://pbs.twimg.com/profile_images/1753804191/image.jpg,male,15,male,TRUE,1
852,http://pbs.twimg.com/profile_images/1779220292/image.jpg,male,11,male,TRUE,1
853,http://pbs.twimg.com/profile_images/1784746153/image.jpg,male,32,male,TRUE,1
854,http://pbs.twimg.com/profile_images/1786896758/Untitled.jpg,male,10,male,TRUE,1
855,http://pbs.twimg.com/profile_images/184338412/damien07.JPG,male,98,male,TRUE,1
856,http://pbs.twimg.com/profile_images/1859109389/image.jpg,male,29,male,TRUE,1
857,http://pbs.twimg.com/profile_images/1860797734/rp_blackolive_sbs-feasting-stage.jpg,male,11,male,TRUE,1
858,http://pbs.twimg.com/profile_images/1866702140/299871_10150356306134764_777934763_7912889_622359653_n.jpg,female,5,male,FALSE,0
859,http://pbs.twimg.com/profile_images/1873955664/YM2Uav7C,male,50,male,TRUE,1
860,http://pbs.twimg.com/profile_images/1876452884/germany.jpg,male,67,male,TRUE,1
861,http://pbs.twimg.com/profile_images/1878161772/Todd.jpg,male,73,male,TRUE,1
862,http://pbs.twimg.com/profile_images/1879609683/image.jpg,NoFace,,male,FALSE,0
863,http://pbs.twimg.com/profile_images/1893879754/me.png,male,21,male,TRUE,1
864,http://pbs.twimg.com/profile_images/1897672919/g_.jpg,NoFace,,male,FALSE,0
865,http://pbs.twimg.com/profile_images/1897896897/DSCF027336543645642.jpg,male,17,male,TRUE,1
866,http://pbs.twimg.com/profile_images/1900329030/tomhead1.jpg,male,51,male,TRUE,1
867,http://pbs.twimg.com/profile_images/1903085562/IMG_0026.JPG,NoFace,,male,FALSE,0
868,http://pbs.twimg.com/profile_images/1908495095/jomedium.jpg,male,74,male,TRUE,1
869,http://pbs.twimg.com/profile_images/1908744122/image.jpg,male,3,male,TRUE,1
870,http://pbs.twimg.com/profile_images/1920299523/vcv.JPG,male,29,male,TRUE,1
871,http://pbs.twimg.com/profile_images/1935860388/hashem.jpg,male,25,male,TRUE,1
872,http://pbs.twimg.com/profile_images/2040816369/image.jpg,male,47,male,TRUE,1
873,http://pbs.twimg.com/profile_images/2092616502/image.jpg,male,22,male,TRUE,1
874,http://pbs.twimg.com/profile_images/2101394868/Jim_premiership_cup.jpg,female,18,male,FALSE,0
875,http://pbs.twimg.com/profile_images/2122747707/image.jpg,male,69,male,TRUE,1
876,http://pbs.twimg.com/profile_images/2122815849/djdcam.jpg,female,7,male,FALSE,0
877,http://pbs.twimg.com/profile_images/2178061332/image.jpg,male,75,male,TRUE,1
878,http://pbs.twimg.com/profile_images/218379221/Head_shot2.JPG,male,54,male,TRUE,1
879,http://pbs.twimg.com/profile_images/2194932000/kris_headshot.jpg,male,87,male,TRUE,1
880,http://pbs.twimg.com/profile_images/2220694041/image.jpg,male,0,male,TRUE,1
881,http://pbs.twimg.com/profile_images/2236877536/Paul_Davis.jpg,male,45,male,TRUE,1
882,http://pbs.twimg.com/profile_images/2248616399/DSC_0675_crop_face_only-sm.JPG,male,100,male,TRUE,1
883,http://pbs.twimg.com/profile_images/2249938879/robert-chin.jpg,male,31,male,TRUE,1
884,http://pbs.twimg.com/profile_images/2266426817/image.jpg,female,26,male,FALSE,0
885,http://pbs.twimg.com/profile_images/2280074341/xtx6v2id0cu87q9n1e0t.jpeg,male,22,male,TRUE,1
886,http://pbs.twimg.com/profile_images/2280581170/h48q2poxhrgah4i11k27.jpeg,male,55,male,TRUE,1
887,http://pbs.twimg.com/profile_images/2282441205/image.jpg,male,29,male,TRUE,1
888,http://pbs.twimg.com/profile_images/2287517498/66tz0r5wtmni1npyggjh.jpeg,male,44,male,TRUE,1
889,http://pbs.twimg.com/profile_images/2295277799/image.jpg,male,41,male,TRUE,1
890,http://pbs.twimg.com/profile_images/2303556189/j7gy4f8v19dg2vcort6u.jpeg,male,21,male,TRUE,1
891,http://pbs.twimg.com/profile_images/2315378348/image.jpg,female,1,male,FALSE,0
892,http://pbs.twimg.com/profile_images/2328028727/image.jpg,male,21,male,TRUE,1
893,http://pbs.twimg.com/profile_images/2328140398/image.jpg,male,17,male,TRUE,1
894,http://pbs.twimg.com/profile_images/2335297030/lUpVipcq,male,20,male,TRUE,1
895,http://pbs.twimg.com/profile_images/2351836960/image.jpg,male,3,male,TRUE,1
896,http://pbs.twimg.com/profile_images/2351971863/x2lzjxk9ikqufmmd2dgk.jpeg,male,35,male,TRUE,1
897,http://pbs.twimg.com/profile_images/2356143624/qep6l2gjvgt5qt6987o7.jpeg,male,22,male,TRUE,1
898,http://pbs.twimg.com/profile_images/2356537584/image.jpg,male,63,male,TRUE,1
899,http://pbs.twimg.com/profile_images/2371272338/image.jpg,female,3,male,FALSE,0
900,http://pbs.twimg.com/profile_images/2394356352/image.jpg,DOWNLOAD_ERROR_FILE_NOT_FOUND (31),,male,FALSE,0
901,http://pbs.twimg.com/profile_images/239581693/newLeon.jpg,male,20,male,TRUE,1
902,http://pbs.twimg.com/profile_images/2416905099/jgyz1r4mftcjh01s3yd4.jpeg,male,77,male,TRUE,1
903,http://pbs.twimg.com/profile_images/2421030481/4ny3z82t8ndomwsf7ueg.jpeg,male,94,male,TRUE,1
904,http://pbs.twimg.com/profile_images/2421481318/qhfp1zpn2zlxhxk855k3.jpeg,male,80,male,TRUE,1
905,http://pbs.twimg.com/profile_images/2432212382/image.jpg,male,13,male,TRUE,1
906,http://pbs.twimg.com/profile_images/2434844399/5ejbd0ydppya98r049r0.jpeg,male,37,male,TRUE,1
907,http://pbs.twimg.com/profile_images/2440976969/fv53p65tnxlv9byxwdyo.jpeg,NoFace,,male,FALSE,0
908,http://pbs.twimg.com/profile_images/2455193716/0s71aj4mrg0qtfie1y3h.jpeg,male,41,male,TRUE,1
909,http://pbs.twimg.com/profile_images/2462465293/lybz1miazytt0ma4jhn2.jpeg,male,25,male,TRUE,1
910,http://pbs.twimg.com/profile_images/2480545203/w4pl6phpvta4ljiviqas.jpeg,male,13,male,TRUE,1
911,http://pbs.twimg.com/profile_images/2481510790/image.jpg,male,17,male,TRUE,1
912,http://pbs.twimg.com/profile_images/2505759478/i337y7s6r5kq4k706280.jpeg,male,49,male,TRUE,1
913,http://pbs.twimg.com/profile_images/2517694759/h39ele5tw1mx7uogl5k0.png,NoFace,,male,FALSE,0
914,http://pbs.twimg.com/profile_images/2532875383/image.jpg,male,13,male,TRUE,1
915,http://pbs.twimg.com/profile_images/2548391058/image.jpg,male,51,male,TRUE,1
916,http://pbs.twimg.com/profile_images/2548547697/livb9tkffmzo7ckueqw4.gif,DOWNLOAD_ERROR - image is not of supported format (30),,male,FALSE,0
917,http://pbs.twimg.com/profile_images/2550320560/c8zj8i1tb62s5bikz03x.jpeg,male,28,male,TRUE,1
918,http://pbs.twimg.com/profile_images/2558915795/alfiq2occ2ugyxm82jjt.jpeg,male,95,male,TRUE,1
919,http://pbs.twimg.com/profile_images/256941794/twitter.jpg,male,24,male,TRUE,1
920,http://pbs.twimg.com/profile_images/2572324477/image.jpg,male,43,male,TRUE,1
921,http://pbs.twimg.com/profile_images/2578555606/image.jpg,male,19,male,TRUE,1
922,http://pbs.twimg.com/profile_images/2592156708/image.jpg,NoFace,,male,FALSE,0
923,http://pbs.twimg.com/profile_images/2601551682/o6pxc6qzxesii4272czo.jpeg,NoFace,,male,FALSE,0
924,http://pbs.twimg.com/profile_images/2640258997/7585618551d8c6d388e11be691649dce.jpeg,male,32,male,TRUE,1
925,http://pbs.twimg.com/profile_images/2647386475/1452e71d9c3fdbe74a0dd806f5167648.jpeg,male,78,male,TRUE,1
926,http://pbs.twimg.com/profile_images/2668768713/6f641f3f149aa000fd0c26ff4b397723.jpeg,male,6,male,TRUE,1
927,http://pbs.twimg.com/profile_images/2672795295/d898abe0be135461fc57ef4bec305528.jpeg,male,30,male,TRUE,1
928,http://pbs.twimg.com/profile_images/2700051211/d10ad9eb5c81f7b53a342add09a02bc5.jpeg,male,47,male,TRUE,1
929,http://pbs.twimg.com/profile_images/2714150899/221ab3dabfa60414642dabc7c9eb8b35.jpeg,male,41,male,TRUE,1
930,http://pbs.twimg.com/profile_images/2722892588/6f402db2bd3117dad12d1359d09d62eb.jpeg,male,18,male,TRUE,1
931,http://pbs.twimg.com/profile_images/2724305229/3e68cf0e5f311cfe49414ec2d8f727bd.png,male,6,male,TRUE,1
932,http://pbs.twimg.com/profile_images/2749470803/e93b261f450209b1ac3fb284d531dc22.jpeg,NoFace,,male,FALSE,0
933,http://pbs.twimg.com/profile_images/2749960058/4797dd2819b55d9a02a6f09aa94a0849.png,male,77,male,TRUE,1
934,http://pbs.twimg.com/profile_images/2753160116/2ebb621d67a5ac865ff34a26603bb123.png,male,85,male,TRUE,1
935,http://pbs.twimg.com/profile_images/2770259546/5c6ade2e07fd3b0bd1e8072b0013c5f0.jpeg,male,33,male,TRUE,1
936,http://pbs.twimg.com/profile_images/2784141138/536e7297b1848be5da3b27d8463c8563.jpeg,male,65,male,TRUE,1
937,http://pbs.twimg.com/profile_images/2784149905/cb135e50d2fb384dbf86756aade1e67d.jpeg,male,69,male,TRUE,1
938,http://pbs.twimg.com/profile_images/2808442504/eec5bca238d086184f7c15e7593f46e4.jpeg,male,54,male,TRUE,1
939,http://pbs.twimg.com/profile_images/2813012157/00200c88ed02ad0c832bfb5f233af123.jpeg,male,43,male,TRUE,1
940,http://pbs.twimg.com/profile_images/283224500/Fidel_Webbo.JPG,male,44,male,TRUE,1
941,http://pbs.twimg.com/profile_images/2839224258/620835d9468f677d92e5a6902f0a8aaf.jpeg,male,100,male,TRUE,1
942,http://pbs.twimg.com/profile_images/2851719778/0432f61b2c27a4ee68403206c9f58989.jpeg,male,96,male,TRUE,1
943,http://pbs.twimg.com/profile_images/2855290506/e2dcd2e97dced1d3ed82034c100bea12.jpeg,male,28,male,TRUE,1
944,http://pbs.twimg.com/profile_images/2859895569/6ed9813daa51411aa1a56ade0dca74dd.jpeg,male,20,male,TRUE,1
945,http://pbs.twimg.com/profile_images/2867804011/36059778911a59b099f8c17c6f5dd5b8.jpeg,NoFace,,male,FALSE,0
946,http://pbs.twimg.com/profile_images/2868316192/083973943277570341e5aa51952bda19.jpeg,male,50,male,TRUE,1
947,http://pbs.twimg.com/profile_images/2880622950/0dc1c1911fe6648800f95a15c586ec0d.jpeg,male,36,male,TRUE,1
948,http://pbs.twimg.com/profile_images/2888266562/0d6e169b4836db32896cc5d722e3ecdb.jpeg,male,33,male,TRUE,1
949,http://pbs.twimg.com/profile_images/2893741212/cb7107ae0a971b3d09364a9b4217324e.png,female,1,male,FALSE,0
950,http://pbs.twimg.com/profile_images/2925064644/8634f211b7003a589c559dd2ba41c8e0.jpeg,male,35,male,TRUE,1
951,http://pbs.twimg.com/profile_images/2926184348/1ab91440cc0710d7e35e97b682f8a59f.png,male,40,male,TRUE,1
952,http://pbs.twimg.com/profile_images/2961012751/4c2a87a36e70062e6135e4b24e322ed2.jpeg,male,54,male,TRUE,1
953,http://pbs.twimg.com/profile_images/2988560865/d7f7e42b48db494e89b246c9d905aeea.jpeg,male,25,male,TRUE,1
954,http://pbs.twimg.com/profile_images/2998819730/13086d0344b25e25a7f023e385b97f67.jpeg,male,43,male,TRUE,1
955,http://pbs.twimg.com/profile_images/303393371/IMG_0648.jpg,male,58,male,TRUE,1
956,http://pbs.twimg.com/profile_images/3045081453/227eb74462976729f0cd9a3ae6776e4d.jpeg,male,47,male,TRUE,1
957,http://pbs.twimg.com/profile_images/3058783346/2bd447d6dce7280566d56f8abf722cb8.jpeg,male,89,male,TRUE,1
958,http://pbs.twimg.com/profile_images/3059450124/9dbf34bb1086ae9b9edc7d4eede2f48a.jpeg,female,13,male,FALSE,0
959,http://pbs.twimg.com/profile_images/3068288820/65202549f2949a8e3c9021c9ba20a8a7.jpeg,NoFace,,male,FALSE,0
960,http://pbs.twimg.com/profile_images/3094539021/60697fb4e29b134361aae1d0219405fb.jpeg,male,88,male,TRUE,1
961,http://pbs.twimg.com/profile_images/3107430729/7ae67a3106f042c128c537c84321d974.jpeg,male,51,male,TRUE,1
962,http://pbs.twimg.com/profile_images/3123599227/b140e4fc2284e546409db2c3f086f65f.jpeg,male,9,male,TRUE,1
963,http://pbs.twimg.com/profile_images/3141186515/689f927e9850138a2b4aa4a541203092.jpeg,male,29,male,TRUE,1
964,http://pbs.twimg.com/profile_images/3151069101/080365da53532354a3d2d0f5762e2fa0.jpeg,male,100,male,TRUE,1
965,http://pbs.twimg.com/profile_images/3159561481/c962d0e7217b84f72c8fc589b9f7dc94.jpeg,male,42,male,TRUE,1
966,http://pbs.twimg.com/profile_images/3163111174/400267727281572da6eb51ef807fe629.jpeg,female,1,male,FALSE,0
967,http://pbs.twimg.com/profile_images/3168386731/cb5858bbb21d9c65b506779ef21bf78b.jpeg,male,45,male,TRUE,1
968,http://pbs.twimg.com/profile_images/3169283793/987f34f6876f7f5501d46453b647f912.jpeg,male,66,male,TRUE,1
969,http://pbs.twimg.com/profile_images/3172078640/db80deb826da73ced1721dbd3e2a422c.jpeg,male,48,male,TRUE,1
970,http://pbs.twimg.com/profile_images/3176180224/9cb08779c40f4f205556b461f09d1fa0.jpeg,male,100,male,TRUE,1
971,http://pbs.twimg.com/profile_images/3182365793/2c990a5c74c8a6fc83ca5685e54614ca.jpeg,male,50,male,TRUE,1
972,http://pbs.twimg.com/profile_images/3190549745/28e749af147434cfa8803473f13225ef.png,male,47,male,TRUE,1
973,http://pbs.twimg.com/profile_images/3195828336/c2b4683a4d3ec06861a92ae922417390.jpeg,male,67,male,TRUE,1
974,http://pbs.twimg.com/profile_images/3211068025/897c32f6234a2456946e608e8385c35a.jpeg,male,39,male,TRUE,1
975,http://pbs.twimg.com/profile_images/3217460872/9552d2afb43494d3e8642b00aaa18eb4.jpeg,male,86,male,TRUE,1
976,http://pbs.twimg.com/profile_images/3231037223/7e385bf389d66d971d29c258da0c7dfe.jpeg,male,65,male,TRUE,1
977,http://pbs.twimg.com/profile_images/3236973690/aa9932f0257faa3e02278b14294702d4.jpeg,male,54,male,TRUE,1
978,http://pbs.twimg.com/profile_images/3265576500/5c1cd295baf3a125fc4eb7fed938fcd8.jpeg,male,52,male,TRUE,1
979,http://pbs.twimg.com/profile_images/3266143019/42d566855c107198ac98c9c8465f7040.jpeg,male,17,male,TRUE,1
980,http://pbs.twimg.com/profile_images/3305598654/bbccda3b57d6fe848c64154d5141278f.jpeg,female,22,male,FALSE,0
981,http://pbs.twimg.com/profile_images/3310393689/b76855b99005a6d9a78350283cb3355e.jpeg,male,24,male,TRUE,1
982,http://pbs.twimg.com/profile_images/331345276/Image000.jpg,male,48,male,TRUE,1
983,http://pbs.twimg.com/profile_images/3329898703/a2010a019c32a714c706197bdb9d50e6.jpeg,male,21,male,TRUE,1
984,http://pbs.twimg.com/profile_images/3330143693/95ea93018b60026230c1513fd43b9c59.jpeg,male,79,male,TRUE,1
985,http://pbs.twimg.com/profile_images/3369410158/50602d4895e0bd0857d2fff9d5ce1d41.jpeg,male,65,male,TRUE,1
986,http://pbs.twimg.com/profile_images/530959765799591937/DpUHH9X6.jpeg,male,42,male,TRUE,1
987,http://pbs.twimg.com/profile_images/531367540962779136/9QpLbkWt.jpeg,male,10,male,TRUE,1
988,http://pbs.twimg.com/profile_images/531556944985587712/VzeCZRwQ.jpeg,male,12,male,TRUE,1
989,http://pbs.twimg.com/profile_images/536491704979689472/UuyhmdiI.jpeg,female,23,male,FALSE,0
990,http://pbs.twimg.com/profile_images/537019675628941312/CDvwntJB.jpeg,male,51,male,TRUE,1
991,http://pbs.twimg.com/profile_images/538176052615344129/IhRWkDM5.jpeg,male,8,male,TRUE,1
992,http://pbs.twimg.com/profile_images/539302267996733441/WP7EXdk8.jpeg,male,30,male,TRUE,1
993,http://pbs.twimg.com/profile_images/539523897310187520/hKpargeT.jpeg,female,24,male,FALSE,0
994,http://pbs.twimg.com/profile_images/540808450192592897/wQG7pUjf.jpeg,male,18,male,TRUE,1
995,http://pbs.twimg.com/profile_images/540853501132165121/IVOLjIiA.jpeg,male,18,male,TRUE,1
996,http://pbs.twimg.com/profile_images/541086605910372352/ul6OR09e.jpeg,female,3,male,FALSE,0
997,http://pbs.twimg.com/profile_images/541897290953158656/uZh9T35E.jpeg,male,80,male,TRUE,1
998,http://pbs.twimg.com/profile_images/529188131698769922/OkVnRXzt.jpeg,male,56,male,TRUE,1
999,http://pbs.twimg.com/profile_images/529241797449379841/waNziqly.jpeg,male,58,male,TRUE,1
1000,http://pbs.twimg.com/profile_images/529417671024996353/zmkMV5HQ.jpeg,male,100,male,TRUE,1
,,,,,CORRECT,802